Churn,AccountWeeks,ContractRenewal,DataPlan,DataUsage,CustServCalls,DayMins,DayCalls,MonthlyCharge,OverageFee,RoamMins,Segment
0,75,0,0,0.0,3,166.7,113,41.0,7.42,10.1,Moderate Users
0,147,0,0,0.0,0,157.0,79,36.0,5.16,7.1,Moderate Users
1,65,1,0,0.29,4,129.1,137,44.9,11.43,12.7,Moderate Users
0,168,1,0,0.0,1,128.8,96,31.0,5.25,11.2,Moderate Users
0,95,1,0,0.44,3,156.6,88,52.4,12.38,12.3,Moderate Users
0,62,1,0,0.0,4,120.7,70,47.0,15.36,13.1,Moderate Users
0,147,1,0,0.31,0,155.1,117,50.1,11.99,10.6,Moderate Users
1,77,1,0,0.0,5,62.4,89,26.0,8.5,5.7,Moderate Users
0,130,1,0,0.0,0,183.0,112,38.0,3.65,9.5,Moderate Users
0,111,1,0,0.39,2,110.4,103,34.9,6.87,7.7,Moderate Users
0,132,1,0,0.0,0,81.1,86,35.0,12.26,10.3,Moderate Users
0,174,1,0,0.0,3,124.3,76,45.0,13.86,15.5,Moderate Users
0,54,1,0,0.0,3,134.3,73,37.0,7.78,14.7,Moderate Users
0,49,1,0,0.21,1,119.3,117,41.1,10.76,11.1,Moderate Users
0,142,1,0,0.0,2,84.8,95,27.0,6.84,14.2,Moderate Users
0,78,1,0,0.0,1,130.8,64,42.0,11.19,10.0,Moderate Users
0,149,1,0,0.0,1,140.4,94,47.0,13.59,11.1,Moderate Users
0,98,1,0,0.3,3,126.3,102,39.0,8.34,9.4,Moderate Users
0,34,1,0,0.0,2,124.8,82,46.0,14.11,10.0,Moderate Users
0,160,1,0,0.38,3,85.8,77,32.8,8.27,9.2,Moderate Users
0,64,1,0,0.24,1,154.0,67,48.4,11.29,3.5,Moderate Users
1,119,1,0,0.0,5,159.1,114,47.0,11.57,8.8,Moderate Users
0,96,1,0,0.21,2,160.2,117,52.1,13.38,9.3,Moderate Users
1,87,1,0,0.0,5,151.0,83,45.0,10.99,9.7,Moderate Users
0,141,1,0,0.0,1,126.9,98,37.0,9.0,8.0,Moderate Users
0,68,1,0,0.0,3,148.8,70,47.0,12.33,12.1,Moderate Users
0,38,1,0,0.0,2,131.2,98,37.0,8.15,8.2,Moderate Users
0,40,1,1,1.67,2,148.1,74,56.7,8.48,6.2,Moderate Users
0,113,0,0,0.0,0,125.2,93,39.0,10.32,8.3,Moderate Users
1,150,1,0,0.0,4,178.9,101,45.0,8.46,13.8,Moderate Users
0,50,1,0,0.0,1,157.1,90,46.0,11.17,6.1,Moderate Users
1,144,1,0,0.21,4,61.6,117,20.1,3.86,8.2,Moderate Users
0,70,1,0,0.3,1,170.2,98,46.0,7.76,15.0,Moderate Users
1,94,1,0,0.0,4,157.9,105,41.0,7.75,8.0,Moderate Users
0,82,1,0,0.17,1,143.9,61,43.7,9.75,11.1,Moderate Users
0,80,1,0,0.0,1,124.3,100,36.0,8.65,7.9,Moderate Users
0,90,1,0,0.0,3,179.1,71,47.0,9.53,10.6,Moderate Users
0,73,1,0,0.0,0,160.1,110,46.0,10.67,13.0,Moderate Users
0,98,1,1,1.19,4,161.2,114,60.9,12.61,4.4,Moderate Users
0,135,1,0,0.0,0,151.7,82,36.0,5.95,10.5,Moderate Users
0,95,1,0,0.0,1,135.0,99,39.0,9.18,12.5,Moderate Users
0,122,1,0,0.39,1,170.5,94,47.9,8.69,11.3,Moderate Users
0,98,1,0,0.0,4,161.0,117,44.0,9.55,12.1,Moderate Users
0,125,1,0,0.0,1,126.7,108,40.0,10.3,13.3,Moderate Users
0,63,1,0,0.0,1,58.9,125,25.0,8.48,9.4,Moderate Users
0,64,1,0,0.29,1,162.6,83,43.9,7.62,14.2,Moderate Users
0,193,1,0,0.0,1,170.9,124,41.0,6.62,11.6,Moderate Users
0,130,1,0,0.0,2,154.2,119,36.0,5.51,9.2,Moderate Users
1,162,1,0,0.0,4,70.7,108,26.0,7.88,9.1,Moderate Users
0,92,1,0,0.0,2,91.7,90,33.0,9.69,9.2,Moderate Users
0,90,1,0,0.0,3,145.5,92,44.0,10.89,10.9,Moderate Users
0,75,1,0,0.0,1,166.3,125,42.0,7.91,6.1,Moderate Users
0,91,0,0,0.31,3,129.9,112,40.1,8.67,11.2,Moderate Users
0,110,1,0,0.0,1,148.5,115,49.0,13.82,12.4,Moderate Users
1,117,0,0,0.0,2,167.1,86,44.0,8.88,14.1,Moderate Users
0,127,1,0,0.0,1,146.7,91,43.0,10.18,13.7,Moderate Users
0,117,1,0,0.0,1,102.8,119,36.0,10.34,10.1,Moderate Users
0,87,1,0,0.31,0,136.3,97,41.1,8.61,7.1,Moderate Users
0,62,1,0,0.0,1,98.9,103,29.0,6.77,12.2,Moderate Users
0,25,1,0,0.14,3,119.3,87,40.4,10.58,10.5,Moderate Users
0,65,1,0,0.0,1,116.8,87,36.0,8.95,14.1,Moderate Users
0,62,1,0,0.0,0,147.1,91,42.0,9.52,12.2,Moderate Users
0,116,1,0,0.23,3,173.5,93,48.3,9.71,16.2,Moderate Users
1,126,1,0,0.0,5,58.2,94,22.0,6.94,11.9,Moderate Users
0,106,1,0,0.0,1,158.7,74,33.0,3.22,10.2,Moderate Users
0,164,1,0,0.27,1,160.6,111,44.7,8.16,9.0,Moderate Users
0,107,1,0,0.0,0,133.8,85,39.0,9.03,8.9,Moderate Users
0,130,1,0,0.35,1,176.9,109,41.5,4.54,9.5,Moderate Users
0,94,1,0,0.22,0,137.5,118,43.2,10.16,13.4,Moderate Users
0,78,1,0,0.0,0,149.7,119,41.0,9.11,9.7,Moderate Users
0,63,1,0,0.0,0,83.0,64,30.0,8.85,13.0,Moderate Users
0,105,1,0,0.0,2,140.6,109,40.0,8.93,6.8,Moderate Users
0,157,1,0,0.0,1,152.7,105,48.0,12.88,9.4,Moderate Users
0,93,1,0,0.0,3,179.3,93,46.0,8.93,11.5,Moderate Users
0,93,1,0,0.31,0,151.4,89,45.1,9.32,10.9,Moderate Users
0,120,1,0,0.0,3,180.0,80,50.0,11.21,4.7,Moderate Users
0,81,1,0,0.0,3,183.6,116,45.0,7.63,12.2,Moderate Users
0,65,1,0,0.0,1,136.1,112,47.0,13.65,4.4,Moderate Users
0,35,1,0,0.32,2,149.3,113,49.2,12.11,8.9,Moderate Users
0,88,1,0,0.0,2,65.4,97,26.0,8.41,13.8,Moderate Users
0,53,1,0,0.0,0,168.8,97,48.0,11.02,10.9,Moderate Users
0,92,0,0,0.0,1,173.1,140,50.0,12.02,9.0,Moderate Users
1,139,1,0,0.0,5,134.4,106,41.0,10.57,10.2,Moderate Users
0,110,1,0,0.31,3,74.5,117,33.1,10.04,9.8,Moderate Users
0,215,1,0,0.31,0,83.6,148,28.1,6.05,10.7,Moderate Users
1,137,0,0,0.0,2,135.1,95,35.0,6.71,12.3,Moderate Users
0,22,1,0,0.0,0,110.3,107,33.0,8.33,9.5,Moderate Users
0,107,1,1,3.0,0,60.0,102,49.0,5.11,11.1,Moderate Users
0,94,1,0,0.0,4,181.8,85,49.0,10.12,9.2,Moderate Users
0,97,0,0,0.28,0,143.7,117,50.8,13.65,10.9,Moderate Users
0,108,1,0,0.0,1,138.6,122,39.0,8.62,9.8,Moderate Users
0,114,1,0,0.29,1,84.7,118,38.9,12.5,14.5,Moderate Users
1,92,0,0,0.0,1,62.6,111,26.0,9.03,10.4,Moderate Users
0,59,1,0,0.0,1,155.2,79,47.0,11.77,8.7,Moderate Users
0,151,1,0,0.0,1,134.5,88,36.0,7.16,15.4,Moderate Users
0,117,1,0,0.0,1,143.3,103,43.0,10.57,11.5,Moderate Users
0,78,1,0,0.51,1,168.3,110,53.1,11.06,12.5,Moderate Users
0,119,1,0,0.0,3,138.3,89,38.0,8.53,13.5,Moderate Users
0,64,1,1,1.22,0,94.4,104,40.2,6.81,4.5,Moderate Users
0,118,0,0,0.0,2,160.0,123,43.0,8.77,9.9,Moderate Users
0,117,1,0,0.0,1,134.7,121,39.0,9.0,7.7,Moderate Users
0,143,1,0,0.42,2,172.3,97,49.2,8.7,13.0,Moderate Users
0,132,1,0,0.0,0,99.5,110,28.0,6.46,9.7,Moderate Users
0,94,1,0,0.0,1,177.1,112,47.0,9.7,5.9,Moderate Users
0,74,1,0,0.2,2,85.7,83,38.0,12.39,10.1,Moderate Users
0,36,1,0,0.34,0,157.6,117,46.4,9.22,11.9,Moderate Users
0,67,1,0,0.0,2,171.7,80,39.0,5.52,11.9,Moderate Users
0,158,1,0,0.0,1,158.0,106,52.0,14.63,9.1,Moderate Users
0,136,1,0,0.34,1,92.0,117,41.4,12.68,10.3,Moderate Users
0,73,1,0,0.0,0,94.1,136,40.0,14.02,9.8,Moderate Users
0,128,1,0,0.0,0,125.2,99,39.0,10.27,18.9,Moderate Users
0,39,1,0,0.23,1,60.4,158,39.3,15.31,12.4,Moderate Users
0,104,1,0,0.0,0,138.7,107,46.0,12.85,10.0,Moderate Users
0,148,1,0,0.0,1,86.3,134,36.0,12.33,11.3,Moderate Users
0,100,1,1,1.92,0,58.8,104,48.2,10.98,7.1,Moderate Users
1,86,1,0,0.3,7,128.3,121,42.0,9.86,12.2,Moderate Users
0,98,1,1,0.0,2,64.6,98,26.0,8.81,0.0,Moderate Users
1,100,1,0,0.34,4,107.0,63,31.4,5.29,12.8,Moderate Users
0,79,1,0,0.0,1,152.2,112,41.0,8.86,5.3,Moderate Users
0,31,1,0,0.28,1,166.1,105,37.8,3.97,12.7,Moderate Users
0,148,1,0,0.0,0,124.4,83,37.0,8.99,11.3,Moderate Users
0,194,1,0,0.0,0,162.3,88,46.0,10.69,10.9,Moderate Users
0,45,1,0,0.0,1,78.2,127,35.0,12.67,18.0,Moderate Users
0,132,1,0,0.22,1,83.4,110,36.2,11.61,7.6,Moderate Users
0,32,1,0,0.0,2,164.8,98,48.0,11.5,14.8,Moderate Users
0,90,1,0,0.0,2,179.2,77,49.0,10.54,9.2,Moderate Users
0,138,1,0,0.43,2,170.5,87,44.3,5.91,11.2,Moderate Users
1,95,0,0,0.0,1,165.5,84,53.0,14.31,11.5,Moderate Users
0,97,1,0,0.0,1,151.6,107,39.0,7.77,14.7,Moderate Users
0,149,0,0,0.18,0,176.2,87,44.8,7.25,5.7,Moderate Users
0,84,1,0,0.0,2,159.5,125,49.0,12.36,7.2,Moderate Users
0,99,1,0,0.0,3,146.7,64,49.0,13.7,8.9,Moderate Users
0,85,1,0,0.0,1,102.0,95,41.0,13.51,10.7,Moderate Users
0,150,1,0,0.36,3,126.0,99,45.6,11.93,10.2,Moderate Users
0,43,1,0,0.0,1,168.4,125,50.0,12.19,11.1,Moderate Users
0,35,1,0,0.0,0,105.6,129,40.0,12.91,8.7,Moderate Users
0,84,1,0,0.0,0,138.6,102,41.0,9.95,7.8,Moderate Users
0,84,1,0,0.0,1,181.5,129,42.0,6.54,8.5,Moderate Users
1,66,1,0,0.0,1,167.3,91,48.0,11.5,10.6,Moderate Users
0,21,1,0,0.0,0,146.0,78,35.0,5.49,6.8,Moderate Users
1,122,1,0,0.29,4,157.1,134,45.9,9.25,8.5,Moderate Users
0,133,0,0,0.0,1,127.3,108,43.0,12.57,10.3,Moderate Users
0,25,1,0,0.26,2,178.8,90,45.6,7.06,8.4,Moderate Users
0,64,1,0,0.28,2,97.2,80,35.8,9.31,10.4,Moderate Users
0,76,1,0,0.0,0,169.5,77,40.0,6.2,10.0,Moderate Users
1,224,0,0,0.26,1,171.5,99,45.6,8.0,5.0,Moderate Users
0,163,1,0,0.0,1,122.4,129,31.0,5.67,12.5,Moderate Users
0,140,1,0,0.0,3,173.2,91,47.0,9.84,11.2,Moderate Users
0,49,1,0,0.0,2,119.4,69,44.0,13.67,12.4,Moderate Users
0,78,1,0,0.0,2,155.0,106,42.0,8.77,11.8,Moderate Users
0,113,1,0,0.0,1,155.0,93,55.0,16.53,13.5,Moderate Users
0,81,1,0,0.0,2,153.5,99,43.0,9.88,6.3,Moderate Users
0,99,1,0,0.0,0,155.3,93,49.0,13.29,12.4,Moderate Users
0,85,0,0,0.0,2,165.4,107,45.0,9.8,9.6,Moderate Users
0,70,1,0,0.31,0,59.5,103,35.1,12.86,11.1,Moderate Users
0,88,1,0,0.0,3,138.3,116,44.0,11.8,9.6,Moderate Users
0,75,1,0,0.34,1,117.3,114,41.4,10.06,12.2,Moderate Users
0,85,1,0,0.25,0,127.9,107,47.5,13.56,12.5,Moderate Users
0,91,1,0,0.0,0,149.0,115,47.0,12.27,8.3,Moderate Users
0,60,1,0,0.0,2,98.2,88,33.0,9.03,9.3,Moderate Users
0,54,1,0,0.16,2,159.8,99,51.6,13.2,9.7,Moderate Users
0,109,1,0,0.0,0,184.0,120,42.0,6.02,11.0,Moderate Users
0,115,1,0,0.0,3,147.9,109,45.0,11.42,9.6,Moderate Users
0,91,1,0,0.0,0,133.7,75,40.0,9.77,5.9,Moderate Users
1,71,0,0,0.0,3,178.2,113,45.0,8.39,13.6,Moderate Users
0,112,1,0,0.38,1,170.4,103,49.8,10.01,11.6,Moderate Users
0,78,1,0,0.0,3,75.0,116,34.0,12.44,9.5,Moderate Users
0,149,1,0,0.0,1,69.1,117,24.0,6.82,6.3,Moderate Users
1,72,1,1,1.67,4,96.6,59,60.7,15.77,6.2,Moderate Users
0,74,1,0,0.0,3,148.5,111,38.0,7.33,9.9,Moderate Users
0,140,1,0,0.0,1,149.8,134,40.0,8.22,8.1,Moderate Users
0,124,1,0,0.0,1,151.1,123,42.0,9.37,5.3,Moderate Users
0,74,1,0,0.0,0,155.7,116,42.0,8.69,8.1,Moderate Users
0,117,1,0,0.0,2,149.9,95,48.0,12.81,13.3,Moderate Users
0,36,1,1,1.81,0,149.4,111,55.1,6.59,6.7,Moderate Users
0,130,1,0,0.0,1,150.4,119,46.0,11.53,12.3,Moderate Users
1,92,0,0,0.21,2,130.7,113,47.1,13.03,9.4,Moderate Users
0,129,1,1,1.59,2,119.6,104,60.9,13.94,5.9,Moderate Users
0,161,0,0,0.0,2,156.1,114,42.0,9.02,11.1,Moderate Users
0,41,1,0,0.19,1,159.3,66,39.9,6.3,11.1,Moderate Users
1,92,1,0,0.0,3,154.0,122,55.0,16.49,5.6,Moderate Users
0,62,1,0,0.0,2,172.8,101,47.0,10.24,9.1,Moderate Users
0,96,1,0,0.0,2,98.2,100,43.0,15.36,7.6,Moderate Users
0,87,1,0,0.0,1,168.2,92,48.0,11.24,12.9,Moderate Users
1,88,1,0,0.0,4,73.3,86,27.0,8.07,8.2,Moderate Users
0,61,1,0,0.0,2,45.0,108,21.0,7.57,9.8,Moderate Users
0,176,1,0,0.25,2,47.4,125,25.5,8.39,10.5,Moderate Users
0,95,1,1,3.21,0,40.9,126,51.1,6.67,11.9,Moderate Users
0,46,1,0,0.0,2,124.8,133,35.0,7.87,8.6,Moderate Users
0,100,0,0,0.19,0,68.5,110,42.9,16.86,12.1,Moderate Users
0,77,1,0,0.0,2,163.0,112,47.0,10.96,6.7,Moderate Users
0,194,1,0,0.0,1,48.4,101,33.0,14.06,18.2,Moderate Users
0,59,1,0,0.0,2,107.8,113,37.0,10.83,9.9,Moderate Users
0,31,1,1,1.59,0,100.1,54,53.9,12.32,5.9,Moderate Users
1,111,1,0,0.0,4,172.8,58,45.0,9.16,7.9,Moderate Users
0,61,0,0,0.0,2,78.2,103,30.0,9.8,10.1,Moderate Users
0,65,1,0,0.0,2,148.7,80,48.0,12.95,12.7,Moderate Users
0,123,1,0,0.0,0,159.5,77,53.0,15.19,12.0,Moderate Users
1,74,1,0,0.0,2,174.1,96,51.0,12.56,8.3,Moderate Users
0,125,1,0,0.39,2,131.8,97,38.9,6.84,7.7,Moderate Users
0,80,1,0,0.0,1,160.6,103,48.0,11.85,10.7,Moderate Users
0,99,1,0,0.33,1,145.6,106,37.3,4.92,10.9,Moderate Users
0,44,0,0,0.0,1,62.3,92,34.0,13.75,10.8,Moderate Users
0,110,1,0,0.29,2,149.8,112,43.9,9.0,11.7,Moderate Users
0,104,1,0,0.0,1,164.2,109,42.0,7.77,10.7,Moderate Users
0,165,1,0,0.13,1,150.5,75,43.3,9.66,10.3,Moderate Users
0,110,1,0,0.0,1,55.3,102,24.0,8.24,10.2,Moderate Users
0,114,1,0,0.4,1,169.6,85,38.0,2.95,7.4,Moderate Users
1,101,1,0,0.0,5,89.7,118,38.0,13.01,13.5,Moderate Users
0,117,1,1,2.32,1,80.2,81,56.2,10.95,8.6,Moderate Users
0,82,1,0,0.0,1,125.7,96,40.0,10.38,12.9,Moderate Users
0,92,1,0,0.31,2,176.3,85,41.1,4.67,9.6,Moderate Users
0,87,1,1,0.0,1,151.4,95,39.0,7.62,0.0,Moderate Users
0,124,1,0,0.0,3,157.5,70,38.0,6.54,9.6,Moderate Users
0,39,1,0,0.0,2,160.4,68,36.0,5.13,9.1,Moderate Users
0,84,1,0,0.0,1,159.0,80,42.0,8.4,12.3,Moderate Users
0,102,1,0,0.0,2,102.6,89,39.0,12.3,9.1,Moderate Users
1,62,0,0,0.0,0,159.7,86,44.0,9.88,13.9,Moderate Users
0,53,1,0,0.0,3,57.5,95,33.0,13.28,11.6,Moderate Users
0,30,1,0,0.0,1,169.9,144,49.0,11.26,11.4,Moderate Users
0,129,1,0,0.0,0,139.5,119,49.0,14.47,13.1,Moderate Users
0,63,1,1,1.78,1,142.3,107,52.8,5.94,6.6,Moderate Users
0,111,1,0,0.0,3,146.2,55,48.0,13.08,8.7,Moderate Users
0,151,1,0,0.24,4,156.4,108,49.4,11.67,7.7,Moderate Users
0,79,1,0,0.0,3,130.2,119,47.0,14.55,14.0,Moderate Users
0,126,1,0,0.0,1,122.4,88,34.0,7.19,11.5,Moderate Users
0,126,1,0,0.0,0,161.4,110,47.0,11.03,5.1,Moderate Users
0,97,1,0,0.27,3,144.2,91,46.7,11.34,13.8,Moderate Users
0,97,1,0,0.0,1,112.7,119,38.0,10.89,6.5,Moderate Users
0,169,1,0,0.0,0,100.8,112,37.0,11.5,9.5,Moderate Users
0,68,1,1,1.3,3,82.5,97,52.0,14.5,4.8,Moderate Users
0,121,1,0,0.0,1,150.7,105,43.0,9.87,9.2,Moderate Users
0,106,1,0,0.0,0,128.6,83,34.0,6.7,11.4,Moderate Users
0,88,1,0,0.0,2,161.5,92,43.0,8.68,7.9,Moderate Users
0,74,1,0,0.0,1,165.3,120,45.0,9.93,9.8,Moderate Users
0,131,1,1,2.46,0,69.1,122,45.6,5.07,9.1,Moderate Users
1,79,1,0,0.0,5,157.6,85,44.0,9.71,9.4,Moderate Users
0,55,1,0,0.0,0,175.6,147,44.0,8.09,9.3,Moderate Users
0,34,1,0,0.0,0,151.0,102,37.0,6.57,9.9,Moderate Users
0,139,1,0,0.29,1,138.1,103,40.9,8.23,8.3,Moderate Users
0,151,1,0,0.43,0,175.3,106,47.3,7.22,11.8,Moderate Users
0,60,1,0,0.35,3,125.1,99,46.5,12.44,11.2,Moderate Users
0,107,1,0,0.0,0,123.1,100,35.0,7.92,9.3,Moderate Users
0,123,1,0,0.0,1,159.1,94,48.0,12.08,6.5,Moderate Users
0,110,1,0,0.24,3,100.1,90,39.4,11.67,11.1,Moderate Users
0,63,1,1,2.32,1,30.9,113,45.2,9.35,8.6,Moderate Users
0,137,1,0,0.0,1,147.2,119,42.0,9.64,10.2,Moderate Users
0,165,1,0,0.0,6,154.2,91,50.0,13.43,10.9,Moderate Users
0,96,1,0,0.0,1,97.6,98,26.0,5.28,11.6,Moderate Users
0,63,1,0,0.0,0,149.3,104,49.0,13.68,9.1,Moderate Users
0,121,1,0,0.0,0,103.3,110,29.0,6.46,10.7,Moderate Users
0,94,1,0,0.15,0,139.4,95,39.5,7.96,7.7,Moderate Users
0,99,1,0,0.0,1,62.9,81,31.0,11.55,8.5,Moderate Users
0,129,1,0,0.0,4,143.7,114,50.0,14.89,11.4,Moderate Users
0,106,1,0,0.31,2,114.4,104,30.1,3.92,0.0,Moderate Users
0,78,1,0,0.0,3,137.4,109,44.0,11.88,14.0,Moderate Users
0,57,1,0,0.2,2,149.3,100,45.0,10.01,11.9,Moderate Users
0,82,1,0,0.0,1,143.7,116,39.0,8.54,7.8,Moderate Users
0,169,0,0,0.0,3,57.1,98,27.0,9.99,6.5,Moderate Users
1,68,1,0,0.0,5,162.1,86,41.0,7.75,11.0,Moderate Users
1,91,0,0,0.0,2,145.0,89,40.0,8.79,16.7,Moderate Users
0,68,1,0,0.0,1,159.5,123,48.0,12.04,11.4,Moderate Users
0,66,1,0,0.0,0,34.0,133,30.0,13.93,11.5,Moderate Users
0,120,1,0,0.3,1,150.6,85,39.0,5.95,6.4,Moderate Users
0,87,0,0,0.0,1,167.3,119,46.0,9.93,11.0,Moderate Users
0,90,1,0,0.0,2,109.6,88,31.0,6.88,11.0,Moderate Users
0,69,1,0,0.0,2,167.5,76,50.0,12.11,11.4,Moderate Users
0,112,1,0,0.0,1,115.8,108,41.0,12.17,13.1,Moderate Users
0,179,1,0,0.0,1,170.7,54,46.0,9.56,13.3,Moderate Users
1,127,0,0,0.0,1,176.9,110,45.0,8.4,7.7,Moderate Users
0,80,1,0,0.0,1,161.1,99,45.0,9.94,10.6,Moderate Users
0,106,1,0,0.0,1,169.4,107,46.0,9.86,10.7,Moderate Users
0,135,0,1,1.57,2,127.7,54,55.7,10.75,5.8,Moderate Users
0,112,0,0,0.0,1,161.9,138,45.0,10.05,10.7,Moderate Users
0,103,0,0,0.38,3,62.8,124,29.8,8.52,9.4,Moderate Users
0,137,1,0,0.0,3,110.5,79,38.0,11.16,10.5,Moderate Users
0,38,1,0,0.0,2,137.8,86,48.0,14.32,14.1,Moderate Users
0,45,1,0,0.0,2,112.8,108,38.0,10.94,9.0,Moderate Users
1,68,0,0,0.0,1,148.5,126,44.0,10.97,14.5,Moderate Users
0,137,1,0,0.0,0,174.4,120,43.0,7.82,10.2,Moderate Users
0,156,1,0,0.0,1,123.7,96,30.0,5.15,13.1,Moderate Users
0,243,1,0,0.0,2,95.5,92,31.0,8.19,6.6,Moderate Users
0,150,1,0,0.26,1,146.3,133,45.6,10.14,13.1,Moderate Users
0,80,1,0,0.0,0,105.8,110,22.0,2.2,13.1,Moderate Users
0,134,1,0,0.31,1,178.0,110,47.1,7.69,11.7,Moderate Users
0,74,1,0,0.0,1,172.1,105,48.0,10.59,11.6,Moderate Users
0,138,0,0,0.0,1,169.3,82,48.0,10.9,9.4,Moderate Users
0,143,1,0,0.42,0,119.1,117,49.2,14.39,12.2,Moderate Users
1,121,0,0,0.0,3,167.7,94,37.0,4.69,13.4,Moderate Users
0,104,1,0,0.0,3,76.4,116,23.0,5.78,9.4,Moderate Users
0,27,1,0,0.0,1,72.7,75,31.0,10.43,9.9,Moderate Users
0,111,1,0,0.0,3,99.3,112,40.0,13.53,9.0,Moderate Users
0,67,0,0,0.0,2,120.9,58,41.0,11.75,11.4,Moderate Users
0,70,1,0,0.0,3,134.7,96,43.0,11.8,7.6,Moderate Users
0,104,1,0,0.27,1,183.6,133,44.7,6.04,12.7,Moderate Users
0,160,1,0,0.0,1,176.2,90,47.0,9.8,9.2,Moderate Users
0,169,1,0,0.0,2,179.2,111,46.0,8.76,9.9,Moderate Users
0,58,1,0,0.0,1,149.4,145,43.0,9.83,14.9,Moderate Users
0,155,1,0,0.0,3,165.4,108,44.0,9.19,8.9,Moderate Users
0,86,1,0,0.0,1,141.3,72,38.0,7.72,8.2,Moderate Users
0,123,1,0,0.0,0,105.0,150,40.0,12.58,14.9,Moderate Users
0,160,1,0,0.18,1,166.8,109,50.8,11.8,9.3,Moderate Users
0,137,1,0,0.0,1,127.0,107,50.0,16.16,7.5,Moderate Users
0,32,1,0,0.0,1,171.2,82,45.0,9.28,10.2,Moderate Users
0,86,1,0,0.0,3,124.1,82,39.0,10.13,6.7,Moderate Users
0,42,1,0,0.0,1,146.3,84,47.0,12.8,8.0,Moderate Users
0,128,1,0,0.0,1,158.8,75,50.0,13.24,7.6,Moderate Users
0,87,1,0,0.0,1,110.9,91,33.0,7.93,6.2,Moderate Users
1,97,1,0,0.0,4,120.8,96,35.0,8.49,11.9,Moderate Users
0,106,1,0,0.25,2,165.3,118,48.5,10.5,8.5,Moderate Users
0,125,1,0,0.0,2,126.7,113,35.0,7.78,14.4,Moderate Users
0,125,1,0,0.3,1,140.1,132,45.0,10.48,8.0,Moderate Users
0,72,0,1,1.49,0,139.8,114,50.9,6.91,5.5,Moderate Users
0,149,1,0,0.0,7,166.6,61,47.0,10.94,8.2,Moderate Users
1,161,1,0,0.16,4,191.9,113,40.6,3.55,13.4,Moderate Users
0,23,1,0,0.0,6,190.2,89,47.0,8.32,15.0,Moderate Users
0,127,1,1,1.38,0,82.2,95,41.8,8.17,5.1,Moderate Users
0,45,1,0,0.0,2,159.8,91,38.0,6.02,10.6,Moderate Users
0,152,1,0,0.22,2,101.2,122,32.2,7.08,7.5,Moderate Users
0,105,1,0,0.0,2,102.8,74,42.0,14.09,13.2,Moderate Users
0,72,1,0,0.0,0,109.1,97,29.0,5.79,8.3,Moderate Users
0,143,1,0,0.29,1,110.1,113,36.9,8.45,9.2,Moderate Users
0,65,1,0,0.0,1,111.0,51,38.0,10.99,4.4,Moderate Users
0,1,1,0,0.0,1,144.8,107,35.0,5.63,13.8,Moderate Users
0,60,1,0,0.0,1,135.4,134,41.0,10.3,7.9,Moderate Users
0,43,1,0,0.0,1,84.2,134,22.0,4.04,10.8,Moderate Users
0,74,1,0,0.0,0,136.7,106,43.0,11.43,9.8,Moderate Users
0,77,1,0,0.0,1,67.7,68,29.0,9.79,12.0,Moderate Users
1,74,0,0,0.0,1,125.8,103,40.0,10.39,14.1,Moderate Users
0,200,1,0,0.0,1,128.2,87,34.0,6.66,11.2,Moderate Users
0,130,1,0,0.0,1,120.5,127,37.0,9.49,14.3,Moderate Users
0,56,1,0,0.32,2,91.1,90,34.2,8.97,11.9,Moderate Users
0,117,1,0,0.0,0,168.8,137,50.0,12.07,15.5,Moderate Users
0,63,1,0,0.36,2,153.5,81,54.6,14.37,6.5,Moderate Users
0,122,1,0,0.0,2,180.0,88,43.0,7.25,11.5,Moderate Users
0,99,1,0,0.0,1,159.7,83,41.0,7.77,8.4,Moderate Users
0,108,1,0,0.0,1,103.0,129,39.0,12.12,7.9,Moderate Users
0,101,1,0,0.0,4,153.8,89,47.0,11.7,11.6,Moderate Users
0,158,1,0,0.0,2,155.9,123,46.0,11.21,8.6,Moderate Users
0,144,0,0,0.27,0,150.0,69,52.7,14.3,9.4,Moderate Users
0,58,1,0,0.0,2,165.4,100,38.0,5.79,12.8,Moderate Users
0,59,1,0,0.28,3,160.9,95,51.8,12.56,5.0,Moderate Users
0,137,1,0,0.26,0,144.0,90,42.6,9.08,12.3,Moderate Users
0,104,1,0,0.0,0,130.5,77,34.0,6.56,13.0,Moderate Users
0,161,1,0,0.0,0,105.4,70,37.0,10.74,7.8,Moderate Users
0,103,1,1,1.86,1,111.8,85,58.6,11.98,6.9,Moderate Users
0,77,1,0,0.0,1,142.3,112,51.0,15.32,9.9,Moderate Users
0,138,1,0,0.28,3,171.4,117,41.8,5.76,17.0,Moderate Users
0,45,1,1,2.08,1,91.7,104,49.8,7.53,7.7,Moderate Users
0,70,1,0,0.17,0,126.3,99,35.7,7.08,9.6,Moderate Users
0,179,1,0,0.0,0,116.1,101,37.0,10.09,11.6,Moderate Users
0,140,1,0,0.0,1,125.3,84,36.0,8.38,8.4,Moderate Users
0,93,1,1,1.84,2,138.1,91,56.4,8.37,6.8,Moderate Users
0,181,1,0,0.0,1,143.3,91,41.0,9.78,6.0,Moderate Users
0,155,1,0,0.0,3,181.4,111,46.0,8.39,11.3,Moderate Users
0,11,1,0,0.0,2,143.4,130,49.0,14.47,9.7,Moderate Users
0,182,1,0,0.36,2,104.9,111,38.6,9.93,8.0,Moderate Users
0,104,1,0,0.0,1,156.2,93,43.0,9.65,13.1,Moderate Users
0,102,1,0,0.0,0,114.8,125,27.0,4.1,12.0,Moderate Users
0,41,1,0,0.0,1,143.6,117,38.0,7.62,8.6,Moderate Users
0,13,1,0,0.0,1,146.4,74,38.0,7.43,11.3,Moderate Users
0,67,1,0,0.42,1,167.8,91,47.2,8.39,8.4,Moderate Users
0,154,1,0,0.0,0,166.9,99,42.0,7.75,7.2,Moderate Users
0,100,1,0,0.0,2,142.5,87,41.0,9.79,7.8,Moderate Users
0,146,0,0,0.0,1,133.0,65,45.0,13.14,11.2,Moderate Users
0,87,1,0,0.29,1,146.3,108,42.9,8.59,5.3,Moderate Users
0,131,1,0,0.0,2,94.4,80,35.0,10.76,13.1,Moderate Users
0,87,0,0,0.0,0,134.2,80,37.0,8.25,10.7,Moderate Users
1,112,1,0,0.0,5,111.9,92,29.0,5.7,14.1,Moderate Users
0,75,1,0,0.0,2,122.8,89,39.0,10.57,10.7,Moderate Users
0,124,1,0,0.0,3,158.6,104,45.0,10.56,10.2,Moderate Users
0,217,1,0,0.0,4,176.4,115,44.0,7.94,9.3,Moderate Users
0,102,1,0,0.33,0,144.4,87,51.3,13.33,7.1,Moderate Users
0,79,1,0,0.0,1,147.0,72,40.0,8.29,8.4,Moderate Users
0,98,0,0,0.0,1,12.5,67,24.0,12.83,7.7,Moderate Users
0,78,1,0,0.21,2,162.3,116,46.1,9.62,10.1,Moderate Users
0,50,1,0,0.0,1,183.6,107,37.0,2.93,8.7,Moderate Users
0,161,1,0,0.0,1,178.1,109,43.0,7.33,8.5,Moderate Users
0,101,1,0,0.0,1,93.8,127,29.0,7.5,10.7,Moderate Users
0,124,1,0,0.21,0,167.4,119,51.1,11.66,10.3,Moderate Users
0,22,1,0,0.0,1,160.4,108,46.0,10.91,12.5,Moderate Users
0,75,1,0,0.0,1,143.2,92,43.0,10.46,11.9,Moderate Users
0,44,1,0,0.32,1,143.2,77,42.2,8.49,7.6,Moderate Users
0,110,1,0,0.0,0,162.0,81,49.0,12.38,8.9,Moderate Users
0,53,1,1,1.76,1,25.9,119,39.6,10.33,6.5,Moderate Users
1,108,1,0,0.0,4,154.2,123,36.0,5.62,15.4,Moderate Users
0,113,1,0,0.0,3,132.1,72,44.0,12.38,6.9,Moderate Users
0,131,1,0,0.46,0,153.4,86,47.6,9.93,10.4,Moderate Users
0,59,1,0,0.27,2,166.3,95,51.7,11.97,10.0,Moderate Users
0,210,1,0,0.28,2,104.6,121,33.8,7.48,6.5,Moderate Users
0,93,1,0,0.0,1,98.4,78,38.0,12.48,14.2,Moderate Users
0,30,1,0,0.0,2,162.3,96,49.0,12.2,9.1,Moderate Users
1,111,1,0,0.0,4,176.9,128,39.0,5.14,10.5,Moderate Users
0,52,1,0,0.0,0,165.5,78,46.0,10.28,12.2,Moderate Users
0,118,1,0,0.0,0,140.4,112,40.0,9.36,7.9,Moderate Users
0,117,1,0,0.41,2,144.6,115,51.1,12.94,7.4,Moderate Users
0,82,1,0,0.0,0,101.0,93,31.0,7.78,13.3,Moderate Users
1,98,1,0,0.0,1,165.0,129,46.0,10.13,12.5,Moderate Users
0,130,1,0,0.0,3,155.9,95,49.0,12.81,11.7,Moderate Users
0,47,1,0,0.0,3,155.3,116,43.0,9.41,12.3,Moderate Users
0,107,1,0,0.0,1,157.1,79,41.0,8.13,12.1,Moderate Users
1,91,1,0,0.0,5,154.4,165,41.0,8.42,11.7,Moderate Users
0,167,1,0,0.0,1,166.4,85,49.0,12.16,9.9,Moderate Users
0,111,1,0,0.26,2,142.3,75,37.6,6.14,12.8,Moderate Users
0,99,1,1,1.97,2,87.7,103,53.7,11.15,7.3,Moderate Users
0,71,1,0,0.0,2,103.3,103,30.0,6.93,9.0,Moderate Users
0,122,1,0,0.0,1,35.1,62,22.0,9.04,12.7,Moderate Users
1,64,1,0,0.0,5,148.1,73,40.0,8.25,12.3,Moderate Users
0,46,1,0,0.42,1,139.4,81,47.2,11.19,13.6,Moderate Users
1,105,1,0,0.0,6,106.4,71,39.0,12.01,5.3,Moderate Users
0,31,1,0,0.0,0,177.3,129,44.0,7.64,5.1,Moderate Users
0,161,1,0,0.0,1,151.6,117,45.0,10.97,4.0,Moderate Users
0,122,1,0,0.0,3,173.6,110,38.0,4.59,9.7,Moderate Users
0,37,0,0,0.0,2,106.6,76,31.0,7.37,9.6,Moderate Users
1,132,1,0,0.0,5,193.3,106,44.0,6.42,11.6,Moderate Users
0,99,1,0,0.0,1,95.4,105,34.0,10.36,5.6,Moderate Users
1,167,1,0,0.0,4,131.6,120,41.0,10.57,11.1,Moderate Users
0,129,1,0,0.0,1,168.4,117,48.0,10.86,11.8,Moderate Users
0,116,1,0,0.2,1,146.4,123,42.0,8.83,7.8,Moderate Users
0,128,1,0,0.0,0,103.3,122,39.0,12.3,6.4,Moderate Users
0,40,0,0,0.0,3,170.7,55,45.0,8.96,8.2,Moderate Users
0,173,1,0,0.0,0,172.5,78,42.0,7.13,10.9,Moderate Users
0,72,1,0,0.42,3,118.2,106,39.2,8.36,12.2,Moderate Users
0,130,1,0,0.0,1,154.0,95,44.0,10.3,12.9,Moderate Users
0,143,1,0,0.2,1,155.5,101,47.0,10.67,7.6,Moderate Users
0,89,0,0,0.0,1,125.6,108,40.0,10.65,5.4,Moderate Users
0,32,1,0,0.0,1,157.9,88,43.0,9.04,12.8,Moderate Users
0,72,1,1,1.57,1,92.8,98,54.7,13.56,5.8,Moderate Users
0,90,1,0,0.0,3,113.2,108,36.0,9.47,14.1,Moderate Users
0,29,1,0,0.0,1,157.4,122,40.0,7.25,9.3,Moderate Users
0,149,1,0,0.0,0,156.0,56,32.0,2.8,8.9,Moderate Users
0,146,0,0,0.0,2,160.1,63,45.0,10.42,9.2,Moderate Users
0,86,1,0,0.0,0,83.5,96,33.0,11.06,12.6,Moderate Users
0,139,1,0,0.0,1,165.0,132,50.0,12.49,12.6,Moderate Users
0,122,1,0,0.29,2,107.9,88,41.9,11.79,9.5,Moderate Users
0,95,1,0,0.0,3,141.1,84,42.0,10.57,5.9,Moderate Users
0,180,1,0,0.0,2,139.0,96,43.0,11.25,15.7,Moderate Users
0,25,1,0,0.0,2,134.3,98,41.0,10.12,12.6,Moderate Users
0,120,1,0,0.0,1,178.4,97,45.0,8.42,9.3,Moderate Users
0,74,1,0,0.0,1,106.4,84,31.0,7.01,11.4,Moderate Users
0,109,1,0,0.0,2,170.7,101,50.0,12.01,11.4,Moderate Users
0,177,1,0,0.27,2,84.9,77,39.7,12.88,7.5,Moderate Users
0,48,1,0,0.0,0,128.2,71,26.0,2.41,8.9,Moderate Users
0,86,1,0,0.0,2,126.3,115,36.0,8.44,9.8,Moderate Users
0,163,1,0,0.35,4,178.7,56,52.5,10.79,10.6,Moderate Users
0,91,1,0,0.3,0,159.0,109,52.0,12.76,10.1,Moderate Users
0,56,1,0,0.0,3,150.9,79,40.0,8.09,11.7,Moderate Users
0,64,1,0,0.43,2,168.0,116,49.3,9.62,10.1,Moderate Users
0,122,1,0,0.23,2,140.1,120,46.3,11.57,11.2,Moderate Users
0,132,1,0,0.0,1,117.6,66,39.0,10.7,8.8,Moderate Users
0,81,1,0,0.0,1,145.4,132,36.0,6.47,5.2,Moderate Users
0,87,1,0,0.0,3,169.1,105,44.0,8.5,9.9,Moderate Users
0,90,1,0,0.0,0,76.1,121,38.0,14.52,10.8,Moderate Users
0,98,1,0,0.0,2,162.8,65,44.0,9.25,6.0,Moderate Users
0,30,1,0,0.0,3,145.0,76,46.0,12.04,7.1,Moderate Users
0,72,1,0,0.28,1,147.0,79,41.8,8.12,10.5,Moderate Users
0,42,1,0,0.0,0,155.4,127,41.0,8.21,9.0,Moderate Users
0,86,1,0,0.34,1,166.2,112,53.4,12.77,5.4,Moderate Users
0,74,1,0,0.0,0,162.7,102,53.0,14.6,8.7,Moderate Users
0,81,1,0,0.0,4,166.2,102,47.0,10.88,13.2,Moderate Users
1,28,1,0,0.0,6,121.7,48,32.0,6.29,8.3,Moderate Users
0,87,1,0,0.36,2,115.4,90,45.6,13.13,13.1,Moderate Users
1,58,1,0,0.0,0,112.2,95,37.0,10.48,13.9,Moderate Users
0,109,1,0,0.27,0,162.6,138,43.7,7.7,11.5,Moderate Users
0,144,1,0,0.0,2,139.6,96,35.0,6.21,15.0,Moderate Users
0,107,1,1,2.03,1,114.3,132,57.3,9.99,7.5,Moderate Users
0,129,1,0,0.37,0,98.0,99,41.7,12.04,10.5,Moderate Users
0,66,1,0,0.24,1,87.6,76,40.4,13.1,9.2,Moderate Users
0,137,1,0,0.13,3,115.0,130,33.3,6.89,7.3,Moderate Users
0,88,1,0,0.0,3,61.9,78,33.0,13.13,8.8,Moderate Users
0,89,1,0,0.0,2,141.1,92,46.0,12.46,10.8,Moderate Users
0,87,1,0,0.0,0,171.6,119,47.0,10.25,13.8,Moderate Users
0,137,0,0,0.34,2,174.0,123,47.4,8.07,11.4,Moderate Users
1,45,1,0,0.0,1,78.6,106,30.0,9.37,7.4,Moderate Users
0,103,1,0,0.0,1,141.3,123,46.0,12.68,6.4,Moderate Users
0,110,1,0,0.0,3,185.1,100,46.0,8.26,6.3,Moderate Users
1,2,0,0,0.27,2,132.1,42,37.7,6.95,9.1,Moderate Users
0,118,1,0,0.0,2,154.6,112,42.0,9.21,12.6,Moderate Users
1,193,1,0,0.29,2,96.8,92,31.9,7.13,10.9,Moderate Users
0,137,1,0,0.29,2,141.1,91,39.9,7.36,8.0,Moderate Users
0,28,1,0,0.0,2,159.7,79,46.0,10.84,9.3,Moderate Users
1,90,0,0,0.0,4,148.2,96,44.0,11.02,9.2,Moderate Users
0,190,1,0,0.0,1,150.9,86,49.0,13.43,14.7,Moderate Users
1,98,1,0,0.0,4,0.0,0,14.0,7.98,6.8,Moderate Users
1,106,0,0,0.0,1,133.7,45,39.0,9.39,10.7,Moderate Users
0,59,1,0,0.26,1,151.8,98,46.6,10.5,11.9,Moderate Users
0,71,1,1,1.51,2,141.4,107,53.1,8.15,5.6,Moderate Users
0,13,1,0,0.0,1,58.4,121,33.0,13.11,11.9,Moderate Users
0,123,1,0,0.24,0,114.4,91,40.4,10.83,11.0,Moderate Users
0,105,1,0,0.26,2,147.7,103,47.6,11.14,12.8,Moderate Users
0,118,1,0,0.0,1,136.1,120,41.0,10.21,11.3,Moderate Users
0,97,1,0,0.0,3,169.7,84,43.0,8.3,12.8,Moderate Users
0,35,1,0,0.32,2,124.2,102,35.2,6.2,13.1,Moderate Users
0,63,1,0,0.0,3,132.9,122,29.0,3.35,9.9,Moderate Users
0,117,1,1,2.08,3,104.9,115,59.8,11.88,7.7,Moderate Users
0,89,1,0,0.0,3,89.5,66,31.0,8.97,12.3,Moderate Users
0,96,1,0,0.0,1,179.5,125,45.0,8.12,6.6,Moderate Users
0,190,1,0,0.0,1,169.4,102,51.0,12.68,8.9,Moderate Users
0,80,1,0,0.0,1,118.1,90,33.0,7.22,8.2,Moderate Users
1,108,1,0,0.0,4,112.0,105,36.0,9.69,4.1,Moderate Users
0,54,1,0,0.0,1,116.8,119,31.0,6.16,12.0,Moderate Users
0,45,1,0,0.37,1,155.7,110,52.7,13.02,11.0,Moderate Users
0,141,1,0,0.26,3,51.9,108,25.6,8.1,10.1,Moderate Users
0,113,1,0,0.0,0,81.3,116,33.0,11.03,8.9,Moderate Users
0,212,1,0,0.0,1,126.0,96,34.0,7.22,7.6,Moderate Users
0,40,1,0,0.0,1,115.7,105,31.0,6.39,9.3,Moderate Users
0,101,1,0,0.3,1,0.0,0,20.0,9.61,7.2,Moderate Users
0,104,1,0,0.33,4,167.6,116,51.3,10.96,11.7,Moderate Users
0,115,1,0,0.0,3,132.0,90,40.0,9.88,0.0,Moderate Users
0,112,1,0,0.0,0,167.8,88,50.0,12.4,11.9,Moderate Users
0,126,1,0,0.0,0,175.4,120,39.0,4.92,10.6,Moderate Users
1,125,1,0,0.0,4,143.2,80,32.0,4.41,8.8,Moderate Users
0,86,1,0,0.0,1,125.5,139,45.0,13.49,8.9,Moderate Users
0,232,1,0,0.14,1,165.6,104,46.4,9.8,11.8,Moderate Users
0,133,1,0,0.0,1,162.1,91,46.0,10.61,12.2,Moderate Users
0,103,1,0,0.0,1,166.6,84,45.0,9.62,7.7,Moderate Users
0,182,1,0,0.35,1,176.1,90,48.5,8.75,9.7,Moderate Users
0,99,1,0,0.0,0,142.3,89,42.0,10.23,9.1,Moderate Users
0,141,1,0,0.32,1,83.2,74,34.2,9.53,10.7,Moderate Users
0,65,1,0,0.0,2,105.7,95,31.0,7.09,6.6,Moderate Users
1,81,0,0,0.0,3,149.4,68,41.0,8.6,17.9,Moderate Users
0,78,1,0,0.34,0,140.7,77,44.4,9.76,11.7,Moderate Users
0,55,1,0,0.0,2,119.7,148,41.0,11.59,4.6,Moderate Users
0,63,1,0,0.27,0,164.5,75,43.7,7.4,11.2,Moderate Users
0,122,1,0,0.0,0,136.7,115,44.0,12.16,8.6,Moderate Users
0,136,1,0,0.0,1,152.6,97,44.0,10.45,5.0,Moderate Users
0,160,1,0,0.31,0,174.3,105,48.1,8.57,8.3,Moderate Users
0,93,1,0,0.0,0,114.3,100,39.0,11.06,10.9,Moderate Users
0,77,1,0,0.0,2,144.9,136,38.0,7.57,12.3,Moderate Users
0,131,1,0,0.0,1,109.5,95,47.0,16.61,6.6,Moderate Users
0,118,1,0,0.0,1,133.4,113,33.0,6.05,5.9,Moderate Users
0,125,1,0,0.0,1,137.1,94,42.0,10.49,8.6,Moderate Users
0,145,1,0,0.32,0,39.5,78,33.2,13.22,10.0,Moderate Users
0,87,1,0,0.0,1,156.8,93,45.0,10.79,7.6,Moderate Users
0,83,1,0,0.0,1,132.4,120,33.0,6.08,8.6,Moderate Users
0,195,1,0,0.0,0,63.2,108,30.0,11.01,5.1,Moderate Users
0,75,1,1,1.13,3,117.5,102,49.3,10.34,4.2,Moderate Users
0,75,1,0,0.0,0,150.6,99,52.0,15.08,8.1,Moderate Users
0,140,1,0,0.38,0,112.8,89,36.8,7.84,16.3,Moderate Users
0,70,1,0,0.0,3,104.7,112,25.0,4.11,15.8,Moderate Users
0,78,1,0,0.35,0,87.0,102,35.5,9.68,11.0,Moderate Users
1,107,0,0,0.0,3,133.3,106,39.0,9.15,12.9,Moderate Users
0,138,1,0,0.27,1,133.9,87,39.7,8.32,15.4,Moderate Users
0,103,1,0,0.0,0,160.2,104,40.0,6.95,9.7,Moderate Users
0,161,1,0,0.0,2,72.8,120,36.0,13.36,11.8,Moderate Users
0,50,1,0,0.0,0,154.7,102,52.0,14.9,11.1,Moderate Users
0,86,1,0,0.0,3,136.4,104,41.0,10.13,11.5,Moderate Users
0,65,1,0,0.0,2,153.9,117,45.0,11.01,8.5,Moderate Users
0,93,1,0,0.17,3,152.4,74,51.7,13.73,6.6,Moderate Users
0,51,1,0,0.0,1,183.1,99,45.0,8.01,7.0,Moderate Users
0,174,1,0,0.22,2,139.4,96,38.2,7.17,10.0,Moderate Users
0,104,1,0,0.0,2,139.7,78,41.0,10.13,11.3,Moderate Users
0,103,1,0,0.0,3,173.5,83,51.0,12.22,9.7,Moderate Users
0,62,1,0,0.29,1,159.9,100,44.9,8.61,5.6,Moderate Users
0,162,1,0,0.28,2,115.1,89,39.8,9.84,11.4,Moderate Users
0,42,1,0,0.0,1,92.2,108,34.0,10.56,13.1,Moderate Users
0,36,1,0,0.0,0,117.1,94,40.0,11.77,9.0,Moderate Users
0,197,1,0,0.24,3,154.8,111,43.4,8.58,10.6,Moderate Users
1,138,0,0,0.0,4,46.5,104,24.0,9.3,9.6,Moderate Users
0,95,1,0,0.0,0,69.4,79,29.0,9.54,8.9,Moderate Users
1,113,1,0,0.0,5,61.2,111,19.0,4.62,13.7,Moderate Users
0,117,1,0,0.0,3,102.3,100,29.0,6.76,15.7,Moderate Users
0,140,1,0,0.26,1,162.6,98,48.6,10.31,8.2,Moderate Users
0,56,1,0,0.0,1,137.2,111,38.0,8.3,14.3,Moderate Users
0,159,1,0,0.0,1,87.7,103,39.0,13.91,10.5,Moderate Users
0,107,1,0,0.0,1,103.4,94,34.0,9.47,14.4,Moderate Users
0,106,1,0,0.24,2,52.2,106,30.4,11.01,11.4,Moderate Users
0,75,1,0,0.0,2,147.5,110,42.0,9.59,16.4,Moderate Users
0,70,1,0,0.0,0,148.4,110,48.0,13.36,8.9,Moderate Users
0,80,1,0,0.0,2,148.6,106,44.0,10.54,10.0,Moderate Users
0,137,1,0,0.36,1,97.5,95,37.6,9.79,0.0,Moderate Users
0,123,1,0,0.0,0,128.7,126,32.0,5.88,10.8,Moderate Users
0,94,1,0,0.0,0,85.9,113,34.0,11.34,15.6,Moderate Users
0,112,1,0,0.0,2,167.6,100,42.0,7.73,17.3,Moderate Users
0,57,1,0,0.31,1,154.2,78,46.1,9.84,10.1,Moderate Users
0,94,1,0,0.0,3,118.7,90,38.0,10.26,10.4,Moderate Users
0,106,1,0,0.0,2,147.9,97,43.0,10.47,8.8,Moderate Users
0,86,1,0,0.0,1,150.5,92,36.0,6.02,9.0,Moderate Users
0,94,1,0,0.0,1,163.5,136,41.0,7.19,12.6,Moderate Users
0,89,1,0,0.0,1,82.3,77,29.0,8.36,7.2,Moderate Users
0,76,1,0,0.0,1,143.7,55,40.0,8.66,5.8,Moderate Users
0,30,1,0,0.0,3,137.6,108,38.0,8.1,5.8,Moderate Users
0,102,1,1,1.7,3,125.3,92,51.0,7.06,6.3,Moderate Users
0,83,1,0,0.0,3,178.8,102,45.0,8.4,8.6,Moderate Users
0,155,1,0,0.0,2,163.0,93,46.0,10.2,15.1,Moderate Users
0,115,1,1,1.22,0,155.2,110,59.2,11.55,4.5,Moderate Users
0,105,1,0,0.24,3,115.5,73,45.4,13.37,13.3,Moderate Users
0,73,1,0,0.34,1,137.1,102,45.4,10.54,11.1,Moderate Users
0,57,1,0,0.0,0,169.6,96,49.0,11.74,11.2,Moderate Users
0,104,0,0,0.0,4,160.4,73,53.0,14.7,12.6,Moderate Users
0,141,1,0,0.24,2,160.1,87,52.4,12.84,7.0,Moderate Users
0,74,1,0,0.0,2,157.1,95,45.0,10.66,7.6,Moderate Users
0,104,0,0,0.0,0,148.2,108,39.0,8.09,11.0,Moderate Users
1,149,1,0,0.0,4,119.2,88,35.0,8.42,12.2,Moderate Users
0,138,1,1,2.13,0,19.5,149,37.3,7.05,7.9,Moderate Users
0,130,1,0,0.0,1,176.3,140,48.0,10.05,11.3,Moderate Users
0,131,1,0,0.0,1,110.9,74,29.0,5.78,15.8,Moderate Users
0,153,1,0,0.0,2,122.5,145,45.0,13.67,8.0,Moderate Users
0,133,1,0,0.0,2,187.0,65,44.0,7.07,10.0,Moderate Users
0,112,1,0,0.0,0,170.5,113,46.0,9.66,11.2,Moderate Users
0,72,1,0,0.0,2,165.9,114,49.0,11.8,12.0,Moderate Users
1,66,1,0,0.0,4,154.0,133,44.0,9.95,9.5,Moderate Users
1,116,1,0,0.0,6,159.4,79,43.0,8.98,9.7,Moderate Users
0,68,1,0,0.2,2,172.7,95,44.0,6.96,11.7,Moderate Users
0,99,1,0,0.0,1,54.8,92,25.0,8.65,7.5,Moderate Users
0,107,1,0,0.0,3,134.0,104,38.0,8.73,7.3,Moderate Users
0,130,1,0,0.0,0,68.4,86,29.0,9.67,10.4,Moderate Users
1,93,0,0,0.0,1,131.4,78,42.0,10.99,11.1,Moderate Users
0,138,1,0,0.0,3,127.1,102,43.0,12.39,5.0,Moderate Users
0,136,1,0,0.3,2,142.3,79,41.0,7.9,6.0,Moderate Users
1,197,0,0,0.12,5,127.3,80,42.2,11.12,13.7,Moderate Users
0,191,1,0,0.0,1,162.0,104,49.0,12.06,10.9,Moderate Users
0,88,1,0,0.29,2,148.2,82,54.9,15.44,6.4,Moderate Users
0,98,1,0,0.16,1,171.7,99,46.6,8.74,7.8,Moderate Users
0,84,1,0,0.16,2,130.2,105,47.6,13.9,14.0,Moderate Users
0,16,1,0,0.0,5,174.7,83,54.0,14.04,10.5,Moderate Users
0,93,1,0,0.21,0,141.7,95,45.1,11.05,10.2,Moderate Users
0,83,1,0,0.0,2,134.8,96,38.0,8.36,7.7,Moderate Users
0,123,1,0,0.0,1,163.1,119,49.0,12.47,9.0,Moderate Users
0,64,1,0,0.31,1,145.5,116,48.1,11.42,8.9,Moderate Users
0,110,1,0,0.0,1,131.9,93,46.0,13.64,7.1,Moderate Users
0,115,1,0,0.0,2,99.7,107,30.0,7.26,14.1,Moderate Users
0,69,1,0,0.27,3,143.6,88,39.7,7.09,10.8,Moderate Users
0,90,1,0,0.0,3,37.8,80,20.0,7.77,14.2,Moderate Users
0,98,1,0,0.0,3,72.8,107,29.0,9.32,10.5,Moderate Users
1,99,1,0,0.0,7,115.5,75,39.0,10.91,11.5,Moderate Users
0,132,1,0,0.0,1,169.9,107,47.0,10.47,11.5,Moderate Users
1,140,1,0,0.0,4,120.3,108,41.0,12.02,7.7,Moderate Users
1,50,1,0,0.0,5,131.1,129,36.0,8.03,5.6,Moderate Users
0,146,1,0,0.0,2,169.5,93,49.0,11.55,9.0,Moderate Users
0,102,1,0,0.0,4,174.5,73,48.0,10.69,10.3,Moderate Users
1,76,1,0,0.36,5,129.7,84,41.6,8.88,7.5,Moderate Users
0,70,1,0,0.0,1,129.9,102,40.0,10.44,14.3,Moderate Users
0,104,1,0,0.24,1,170.6,97,45.4,8.11,6.1,Moderate Users
0,84,1,0,0.0,1,75.3,96,29.0,9.0,12.3,Moderate Users
0,80,1,0,0.4,2,149.8,123,53.0,13.82,10.9,Moderate Users
0,100,1,0,0.0,1,115.9,87,30.0,5.57,7.1,Moderate Users
0,99,1,0,0.0,2,128.8,86,40.0,10.2,14.1,Moderate Users
0,50,1,0,0.0,1,131.7,108,41.0,10.83,11.0,Moderate Users
0,105,1,0,0.0,1,101.4,48,31.0,7.96,12.2,Moderate Users
0,161,1,0,0.0,2,107.5,121,41.0,12.82,12.6,Moderate Users
0,130,1,0,0.0,0,124.3,70,45.0,13.54,3.5,Moderate Users
0,92,1,0,0.0,1,157.7,101,53.0,14.93,13.8,Moderate Users
0,119,1,0,0.0,0,124.3,68,39.0,10.36,14.8,Moderate Users
0,134,1,0,0.0,0,141.7,95,42.0,10.28,8.8,Moderate Users
0,79,1,0,0.0,1,41.9,124,26.0,10.55,11.4,Moderate Users
0,120,1,0,0.0,1,158.0,110,44.0,9.85,10.0,Moderate Users
0,124,1,0,0.0,3,157.4,107,42.0,8.39,8.8,Moderate Users
1,23,1,0,0.0,1,113.1,74,34.0,8.44,6.9,Moderate Users
1,181,0,0,0.21,0,161.3,83,40.1,6.22,14.1,Moderate Users
0,63,1,0,0.0,2,142.5,92,42.0,10.42,7.5,Moderate Users
0,42,0,0,0.0,2,180.7,127,46.0,8.73,12.0,Moderate Users
1,111,1,0,0.0,4,132.6,125,42.0,11.06,12.7,Moderate Users
0,125,1,0,0.0,2,182.3,64,43.0,6.99,11.6,Moderate Users
1,115,0,0,0.0,2,122.0,110,40.0,11.01,10.8,Moderate Users
0,106,1,0,0.0,0,158.6,112,46.0,11.0,9.1,Moderate Users
0,59,1,0,0.19,1,153.6,92,45.9,10.28,12.5,Moderate Users
0,62,1,0,0.0,0,172.4,132,49.0,11.53,11.0,Moderate Users
0,68,1,0,0.0,1,157.3,83,46.0,11.05,12.0,Moderate Users
1,51,0,0,0.0,0,153.6,108,46.0,11.65,14.1,Moderate Users
0,116,1,0,0.0,0,160.7,69,40.0,7.34,8.2,Moderate Users
0,72,1,0,0.0,1,138.9,111,42.0,10.58,10.8,Moderate Users
0,130,1,0,0.18,0,127.0,102,41.8,10.35,6.1,Moderate Users
0,97,1,0,0.0,1,168.6,87,51.0,12.96,7.3,Moderate Users
0,79,1,0,0.24,1,144.0,90,39.4,6.79,13.0,Moderate Users
0,132,1,0,0.32,1,163.2,80,45.2,8.38,6.2,Moderate Users
0,93,1,0,0.23,2,176.1,103,49.3,9.99,8.5,Moderate Users
0,117,1,0,0.42,1,161.6,104,49.2,9.82,13.8,Moderate Users
0,115,1,0,0.0,3,109.7,148,38.0,11.19,15.4,Moderate Users
0,116,1,0,0.0,2,167.8,119,41.0,7.1,7.3,Moderate Users
0,78,1,0,0.0,3,139.2,140,40.0,9.57,11.8,Moderate Users
0,56,1,0,0.0,1,121.6,84,35.0,8.27,8.9,Moderate Users
0,127,1,0,0.0,2,139.6,94,45.0,12.05,8.8,Moderate Users
0,95,1,0,0.0,2,167.6,96,44.0,8.8,13.4,Moderate Users
0,102,1,0,0.0,2,156.5,67,44.0,10.22,9.9,Moderate Users
1,117,0,0,0.0,1,54.2,100,35.0,15.16,8.6,Moderate Users
0,105,1,0,0.0,2,166.1,93,44.0,8.8,16.2,Moderate Users
0,148,0,0,0.0,2,148.2,138,39.0,7.98,8.6,Moderate Users
1,85,1,0,0.0,5,165.8,96,45.0,9.5,10.9,Moderate Users
0,67,1,0,0.0,2,109.1,134,31.0,7.12,10.9,Moderate Users
0,116,1,0,0.0,0,164.6,110,51.0,13.53,8.0,Moderate Users
1,146,1,0,0.0,7,149.3,83,42.0,9.36,7.9,Moderate Users
1,119,1,0,0.0,2,81.9,75,36.0,12.69,8.9,Moderate Users
0,15,0,0,0.0,2,141.4,80,35.0,6.2,8.1,Moderate Users
0,67,1,0,0.0,2,152.5,131,48.0,12.62,4.9,Moderate Users
0,99,1,0,0.28,1,145.6,102,47.8,11.55,11.4,Moderate Users
0,46,1,0,0.0,1,164.2,116,45.0,9.81,8.1,Moderate Users
0,92,1,0,0.0,2,139.8,98,39.0,8.75,9.4,Moderate Users
1,56,1,0,0.16,4,162.3,99,42.6,7.46,14.8,Moderate Users
0,224,1,0,0.21,3,111.4,133,36.1,8.75,5.5,Moderate Users
1,91,1,0,0.0,1,153.0,123,38.0,7.06,10.3,Moderate Users
0,68,1,0,0.41,3,131.6,89,39.1,6.85,10.2,Moderate Users
0,131,1,0,0.0,1,166.5,129,47.0,10.51,9.9,Moderate Users
0,182,1,0,0.0,0,69.1,114,32.0,11.52,6.5,Moderate Users
1,103,1,0,0.0,8,150.6,125,40.0,8.46,10.4,Moderate Users
0,72,1,0,0.0,1,175.5,103,42.0,6.62,11.8,Moderate Users
0,113,1,0,0.0,2,150.1,120,43.0,10.01,11.0,Moderate Users
1,100,1,0,0.0,6,70.8,94,31.0,10.78,9.5,Moderate Users
0,136,1,0,0.0,3,101.7,105,35.0,10.14,9.4,Moderate Users
0,124,1,0,0.0,1,131.8,82,47.0,14.22,11.3,Moderate Users
0,39,1,0,0.0,2,154.1,104,44.0,10.21,9.8,Moderate Users
0,110,1,0,0.0,3,188.0,127,40.0,4.53,15.3,Moderate Users
0,102,1,0,0.0,1,103.1,70,41.0,13.75,11.2,Moderate Users
0,70,1,0,0.0,0,175.4,130,44.0,7.98,11.6,Moderate Users
0,142,1,0,0.0,1,145.4,93,43.0,10.46,10.9,Moderate Users
0,17,1,0,0.0,1,161.5,123,46.0,10.71,8.6,Moderate Users
0,90,1,0,0.0,2,102.0,118,27.0,5.67,11.4,Moderate Users
0,155,1,1,1.84,1,128.5,86,56.4,9.42,6.8,Moderate Users
1,113,1,0,0.0,2,128.7,100,42.0,11.36,9.2,Moderate Users
0,123,1,0,0.36,1,172.2,92,47.6,8.13,8.7,Moderate Users
0,125,1,0,0.0,0,168.6,99,44.0,8.78,10.9,Moderate Users
0,128,1,0,0.0,1,148.5,105,46.0,12.15,6.8,Moderate Users
0,73,1,0,0.0,0,157.1,109,50.0,13.44,10.0,Moderate Users
1,52,1,0,0.0,4,155.0,110,38.0,6.67,7.0,Moderate Users
0,116,1,0,0.0,3,137.4,126,34.0,6.0,12.4,Moderate Users
0,38,1,0,0.0,0,149.0,92,30.0,2.46,13.9,Moderate Users
0,63,1,0,0.0,3,117.1,118,42.0,12.48,11.1,Moderate Users
0,94,1,0,0.0,3,108.0,79,39.0,12.1,10.4,Moderate Users
0,131,1,0,0.0,0,112.8,133,37.0,9.97,10.1,Moderate Users
0,158,1,0,0.33,1,175.9,105,49.3,9.42,11.0,Moderate Users
0,77,1,0,0.0,1,169.4,102,45.0,9.25,2.0,Moderate Users
0,140,1,0,0.28,3,129.6,79,45.8,12.31,9.4,Moderate Users
0,72,1,0,0.0,1,177.1,97,46.0,9.24,8.0,Moderate Users
0,103,1,0,0.24,5,167.8,121,49.4,10.65,13.0,Moderate Users
0,124,1,0,0.0,2,150.3,101,48.0,12.8,12.5,Moderate Users
0,71,1,0,0.0,2,141.2,132,37.0,7.46,7.0,Moderate Users
0,43,1,0,0.0,4,177.2,93,43.0,7.13,12.7,Moderate Users
0,66,1,0,0.0,1,118.0,133,42.0,12.41,5.3,Moderate Users
0,125,1,0,0.0,0,163.8,73,50.0,12.78,15.7,Moderate Users
0,70,1,0,0.27,0,7.9,100,15.7,6.82,12.1,Moderate Users
0,59,1,0,0.19,0,159.5,96,43.9,8.36,10.2,Moderate Users
0,59,1,0,0.42,1,150.2,70,46.2,9.29,12.1,Moderate Users
0,99,1,0,0.0,2,140.7,88,42.0,10.55,12.4,Moderate Users
0,150,1,0,0.0,1,169.2,123,48.0,10.84,12.6,Moderate Users
0,84,1,0,0.0,0,169.5,96,43.0,7.88,10.6,Moderate Users
0,85,1,0,0.0,2,96.7,97,33.0,9.69,9.7,Moderate Users
0,160,1,0,0.0,0,82.7,116,31.0,9.73,10.9,Moderate Users
0,28,1,0,0.0,3,168.2,87,43.0,8.09,10.1,Moderate Users
0,156,1,0,0.0,3,174.3,95,46.0,9.33,12.9,Moderate Users
0,77,1,0,0.21,4,175.5,86,50.1,10.26,17.8,Moderate Users
0,119,1,0,0.0,1,133.4,102,41.0,10.23,11.1,Moderate Users
0,82,1,0,0.0,0,130.0,110,38.0,9.27,8.3,Moderate Users
0,89,1,0,0.0,0,105.9,151,35.0,9.48,12.7,Moderate Users
0,134,1,0,0.0,1,183.8,111,42.0,6.18,6.1,Moderate Users
0,87,1,0,0.0,3,184.5,81,46.0,8.6,13.7,Moderate Users
0,115,1,0,0.0,1,127.7,67,38.0,9.15,10.6,Moderate Users
0,119,1,0,0.23,2,154.5,129,45.3,9.68,13.4,Moderate Users
0,69,1,0,0.0,1,153.7,109,43.0,9.7,14.1,Moderate Users
1,154,0,0,0.36,0,145.9,69,46.6,10.41,14.4,Moderate Users
0,130,1,0,0.0,5,139.1,72,45.0,12.3,11.4,Moderate Users
0,151,1,0,0.0,2,118.9,128,44.0,13.92,13.2,Moderate Users
0,60,1,0,0.0,1,145.0,133,43.0,10.46,14.6,Moderate Users
0,86,1,0,0.0,1,83.8,121,35.0,12.01,6.7,Moderate Users
0,64,1,0,0.26,3,124.1,117,40.6,9.64,6.4,Moderate Users
0,120,1,0,0.0,1,149.2,98,42.0,9.68,11.1,Moderate Users
0,183,1,0,0.0,2,116.7,92,39.0,10.69,9.7,Moderate Users
0,90,1,0,0.0,1,140.2,97,43.0,10.7,7.1,Moderate Users
0,101,1,0,0.31,3,136.2,92,45.1,11.05,13.3,Moderate Users
0,140,1,0,0.0,1,159.1,104,50.0,13.49,10.3,Moderate Users
0,90,1,0,0.28,2,114.4,122,33.8,6.39,10.1,Moderate Users
0,67,1,0,0.0,2,138.9,65,42.0,10.45,9.2,Moderate Users
0,93,1,0,0.0,4,164.5,95,48.0,11.55,9.9,Moderate Users
0,121,1,0,0.0,1,168.6,121,43.0,8.43,12.3,Moderate Users
0,162,1,0,0.0,3,177.1,131,40.0,5.74,6.5,Moderate Users
0,140,1,0,0.0,1,160.5,114,48.0,12.03,11.3,Moderate Users
0,91,1,0,0.0,2,134.7,116,48.0,14.77,6.6,Moderate Users
0,100,1,0,0.0,1,131.1,108,38.0,8.81,4.3,Moderate Users
0,82,1,0,0.0,1,154.0,107,35.0,4.72,10.1,Moderate Users
0,52,1,0,0.0,3,148.3,83,41.0,9.08,8.3,Moderate Users
0,75,1,0,0.0,1,138.5,110,37.0,7.66,11.1,Moderate Users
0,146,1,0,0.0,1,109.0,69,42.0,13.29,12.6,Moderate Users
0,105,1,0,0.0,4,162.3,99,46.0,10.63,11.1,Moderate Users
0,45,1,0,0.0,1,142.4,107,52.0,15.94,11.1,Moderate Users
0,65,1,0,0.0,2,158.8,53,44.0,9.43,9.8,Moderate Users
0,85,1,0,0.0,1,126.1,112,45.0,13.74,9.8,Moderate Users
0,110,1,0,0.0,0,148.4,95,42.0,9.69,6.9,Moderate Users
0,105,1,0,0.0,2,119.3,82,37.0,9.26,10.9,Moderate Users
0,122,1,0,0.0,0,144.2,87,43.0,10.61,9.5,Moderate Users
0,126,1,0,0.0,0,103.7,93,29.0,6.35,14.4,Moderate Users
1,150,1,0,0.0,4,136.6,112,42.0,10.47,12.2,Moderate Users
1,37,0,0,0.0,0,172.9,119,45.0,9.15,9.8,Moderate Users
0,81,1,0,0.0,1,154.5,84,45.0,10.81,13.7,Moderate Users
0,46,1,0,0.0,1,90.4,108,39.0,13.81,12.7,Moderate Users
0,125,1,0,0.0,1,106.1,95,32.0,7.88,8.1,Moderate Users
0,43,1,0,0.38,3,27.0,117,22.8,8.05,10.7,Moderate Users
0,127,1,1,1.03,1,140.1,59,53.3,11.17,3.8,Moderate Users
0,202,1,0,0.0,3,115.4,137,35.0,8.94,6.0,Moderate Users
0,100,1,0,0.21,0,160.3,138,49.1,11.07,11.2,Moderate Users
0,124,1,0,0.0,3,178.3,102,51.0,11.75,10.9,Moderate Users
0,98,1,1,1.78,2,111.1,105,55.8,10.9,6.6,Moderate Users
1,100,1,0,0.0,1,96.5,86,35.0,10.51,12.5,Moderate Users
0,79,1,0,0.31,3,156.9,109,41.1,6.11,11.3,Moderate Users
0,164,1,0,0.0,1,123.3,78,36.0,8.5,12.7,Moderate Users
0,96,1,0,0.3,1,144.0,102,47.0,11.24,10.0,Moderate Users
0,72,1,0,0.0,2,137.6,106,36.0,7.18,9.6,Moderate Users
0,89,1,0,0.38,2,89.7,80,34.8,8.99,9.5,Moderate Users
1,166,0,0,0.0,0,47.7,89,31.0,13.22,13.2,Moderate Users
1,94,0,0,0.0,1,89.5,94,45.0,17.0,7.9,Moderate Users
0,160,1,0,0.0,2,171.2,103,50.0,12.18,13.0,Moderate Users
0,120,1,0,0.0,1,134.8,94,41.0,10.21,6.7,Moderate Users
0,156,1,0,0.0,0,174.5,65,47.0,9.87,10.6,Moderate Users
1,47,0,0,0.0,0,47.8,120,24.0,8.95,13.3,Moderate Users
0,160,1,0,0.28,1,121.8,97,31.8,4.47,10.3,Moderate Users
0,180,1,0,0.0,3,143.5,121,41.0,9.47,8.8,Moderate Users
0,93,1,0,0.0,2,164.9,68,46.0,10.52,7.8,Moderate Users
0,80,1,0,0.0,0,101.1,121,40.0,13.16,7.3,Moderate Users
0,121,1,0,0.0,2,168.9,128,40.0,6.2,2.9,Moderate Users
0,138,1,0,0.0,3,146.5,101,50.0,14.23,14.0,Moderate Users
1,167,1,0,0.0,4,169.2,124,44.0,8.67,12.4,Moderate Users
0,91,1,0,0.0,2,123.8,107,49.0,15.95,7.3,Moderate Users
0,127,1,0,0.26,3,96.0,117,34.6,8.85,9.7,Moderate Users
0,113,1,0,0.0,1,90.6,130,30.0,8.53,5.4,Moderate Users
0,78,1,0,0.0,2,152.9,81,48.0,12.83,5.3,Moderate Users
0,121,1,0,0.0,1,177.2,142,41.0,6.18,8.4,Moderate Users
0,116,1,0,0.0,2,89.5,128,31.0,9.04,14.0,Moderate Users
1,97,0,0,0.0,4,145.0,103,50.0,14.72,11.0,Moderate Users
0,43,1,0,0.26,2,159.5,99,40.6,5.99,6.8,Moderate Users
0,110,1,0,0.0,3,151.8,106,38.0,6.9,11.2,Moderate Users
0,166,1,0,0.23,0,152.1,95,39.3,6.05,9.8,Moderate Users
0,129,1,0,0.0,1,161.3,122,47.0,11.03,9.6,Moderate Users
0,103,0,0,0.0,3,171.7,78,42.0,7.23,6.8,Moderate Users
1,116,1,0,0.33,5,133.3,94,47.3,12.39,11.3,Moderate Users
0,94,1,1,2.67,3,92.7,107,53.7,6.39,9.9,Moderate Users
0,68,1,0,0.0,2,143.6,80,36.0,6.72,15.5,Moderate Users
0,93,1,0,0.0,1,179.3,93,47.0,9.44,12.1,Moderate Users
0,120,1,0,0.0,1,137.3,100,42.0,10.61,10.5,Moderate Users
0,66,1,1,1.92,3,88.8,104,44.2,5.48,7.1,Moderate Users
0,104,1,0,0.0,0,97.2,88,30.0,7.78,12.4,Moderate Users
0,89,1,0,0.0,1,137.9,96,40.0,9.63,11.0,Moderate Users
1,88,1,0,0.0,4,166.7,61,44.0,8.97,6.8,Moderate Users
0,78,1,0,0.0,0,147.1,80,42.0,9.99,13.7,Moderate Users
0,56,1,1,1.32,1,37.7,115,32.2,7.21,4.9,Moderate Users
0,70,1,0,0.3,2,156.4,108,45.0,8.55,8.6,Moderate Users
0,119,1,0,0.0,1,134.9,70,41.0,10.58,11.3,Moderate Users
0,113,1,0,0.0,3,92.6,85,31.0,8.88,14.4,Moderate Users
0,148,1,0,0.0,1,17.6,121,17.0,8.09,10.6,Moderate Users
0,63,0,0,0.0,1,62.9,112,28.0,10.15,8.9,Moderate Users
0,166,1,0,0.0,0,136.1,116,39.0,9.07,11.3,Moderate Users
0,138,1,1,2.21,0,75.8,102,50.1,8.68,8.2,Moderate Users
0,175,1,0,0.0,1,132.0,95,43.0,11.56,8.7,Moderate Users
0,74,1,0,0.0,2,124.0,102,44.0,13.11,11.7,Moderate Users
0,48,1,0,0.0,2,171.9,98,43.0,7.95,7.6,Moderate Users
0,157,1,0,0.39,3,168.6,71,50.9,10.26,5.9,Moderate Users
0,217,1,0,0.29,0,123.7,138,45.9,12.43,13.3,Moderate Users
0,80,1,0,0.0,1,113.2,86,36.0,9.28,9.5,Moderate Users
0,140,1,0,0.0,3,149.7,71,44.0,10.63,12.6,Moderate Users
0,114,1,0,0.0,2,155.3,75,41.0,8.5,12.6,Moderate Users
0,46,1,0,0.0,1,156.4,105,43.0,9.28,11.8,Moderate Users
0,121,1,0,0.0,2,134.1,112,40.0,9.76,10.5,Moderate Users
0,190,1,0,0.26,0,142.9,96,42.6,8.9,6.6,Moderate Users
0,136,1,0,0.0,2,92.4,109,35.0,10.95,12.9,Moderate Users
0,86,1,0,0.0,1,92.8,92,30.0,7.98,8.8,Moderate Users
0,106,1,0,0.0,0,159.6,94,51.0,13.84,8.8,Moderate Users
0,104,1,0,0.0,2,144.5,107,40.0,9.03,17.0,Moderate Users
0,129,1,0,0.41,2,159.1,100,49.1,10.13,11.5,Moderate Users
0,205,1,0,0.32,2,49.9,123,25.2,7.54,10.1,Moderate Users
0,123,1,0,0.0,3,150.0,98,34.0,4.49,11.1,Moderate Users
0,4,0,0,0.0,0,145.3,89,51.0,15.19,8.9,Moderate Users
0,141,1,0,0.0,1,151.5,104,47.0,12.11,10.8,Moderate Users
0,56,1,0,0.37,0,146.1,57,45.7,9.81,9.2,Moderate Users
0,42,1,0,0.33,2,150.7,52,50.3,12.34,7.0,Moderate Users
0,135,0,0,0.0,1,186.0,107,38.0,3.3,12.9,Moderate Users
0,110,1,0,0.0,1,135.1,109,41.0,10.26,11.7,Moderate Users
0,153,1,0,0.29,1,154.6,56,51.9,13.15,15.5,Moderate Users
0,31,1,0,0.0,1,165.4,84,46.0,10.19,8.2,Moderate Users
1,124,1,0,0.0,4,143.3,120,44.0,11.54,7.8,Moderate Users
1,82,1,0,0.31,6,167.1,77,43.1,6.59,9.4,Moderate Users
0,122,1,0,0.0,1,168.3,96,37.0,4.38,8.4,Moderate Users
0,137,1,0,0.21,1,104.7,115,42.1,12.49,8.9,Moderate Users
0,69,1,0,0.0,1,135.4,101,44.0,11.91,10.6,Moderate Users
0,103,1,0,0.0,1,158.7,90,44.0,9.92,10.5,Moderate Users
0,16,1,0,0.21,2,144.8,84,41.1,8.25,8.2,Moderate Users
0,119,1,0,0.0,3,98.8,97,30.0,7.35,10.0,Moderate Users
1,124,0,0,0.0,3,157.8,71,45.0,10.16,10.0,Moderate Users
0,67,1,0,0.31,2,129.0,78,41.1,9.4,11.2,Moderate Users
0,84,1,0,0.27,1,86.0,83,39.7,13.04,8.9,Moderate Users
0,40,1,0,0.25,0,109.4,107,42.5,12.24,7.1,Moderate Users
1,120,0,0,0.0,1,179.9,72,46.0,8.5,13.8,Moderate Users
0,114,1,0,0.0,2,169.2,96,42.0,7.5,4.6,Moderate Users
0,176,1,0,0.34,0,169.5,151,42.4,5.65,8.7,Moderate Users
0,152,1,0,0.0,2,141.5,102,47.0,13.15,3.4,Moderate Users
0,118,1,0,0.0,0,154.8,71,48.0,12.2,12.8,Moderate Users
0,101,0,0,0.17,1,133.5,51,43.7,10.98,11.7,Moderate Users
1,153,1,0,0.0,1,159.5,103,51.0,13.78,10.1,Moderate Users
0,71,1,0,0.0,0,104.0,92,35.0,9.85,14.6,Moderate Users
0,66,1,0,0.33,3,116.4,98,31.3,4.78,10.5,Moderate Users
0,116,1,0,0.0,0,129.4,84,36.0,7.87,13.3,Moderate Users
1,112,1,0,0.0,4,174.3,123,42.0,7.01,9.0,Moderate Users
0,85,1,0,0.0,4,183.4,111,46.0,8.44,9.9,Moderate Users
0,51,1,0,0.31,2,51.8,107,32.1,11.51,10.4,Moderate Users
0,56,1,0,0.0,2,164.3,92,48.0,11.69,11.8,Moderate Users
0,123,1,0,0.0,0,154.3,107,42.0,9.15,10.9,Moderate Users
0,122,1,0,0.0,0,145.6,102,49.0,14.24,12.2,Moderate Users
0,90,1,0,0.0,1,125.4,158,45.0,13.46,11.0,Moderate Users
0,177,1,0,0.0,1,175.4,99,44.0,7.77,11.5,Moderate Users
0,121,1,0,0.0,1,179.4,70,43.0,7.15,11.2,Moderate Users
0,21,1,0,0.0,2,91.9,109,33.0,9.92,13.0,Moderate Users
0,81,1,0,0.0,2,145.6,59,50.0,14.4,9.2,Moderate Users
0,90,1,0,0.0,0,109.9,102,38.0,11.04,10.9,Moderate Users
0,165,1,0,0.13,1,156.0,88,51.3,13.81,9.3,Moderate Users
0,16,0,0,0.0,0,110.0,91,32.0,7.37,6.4,Moderate Users
1,114,1,0,0.0,5,147.1,119,39.0,8.05,9.0,Moderate Users
0,113,1,0,0.0,2,156.0,141,49.0,12.84,11.9,Moderate Users
0,120,1,0,0.36,2,98.2,99,36.6,9.34,9.3,Moderate Users
1,100,0,0,0.0,2,159.9,94,43.0,9.0,11.6,Moderate Users
0,1,1,0,0.0,0,123.8,113,42.0,11.81,3.7,Moderate Users
0,97,1,1,1.73,1,117.6,97,54.3,9.82,6.4,Moderate Users
0,75,1,0,0.0,1,111.7,121,40.0,11.87,13.1,Moderate Users
0,83,1,0,0.0,2,159.3,104,45.0,10.12,9.5,Moderate Users
1,40,1,0,0.0,6,81.7,123,32.0,10.51,11.3,Moderate Users
1,75,1,0,0.0,4,109.0,88,41.0,12.97,13.3,Moderate Users
0,88,1,0,0.0,0,55.6,65,31.0,12.14,11.3,Moderate Users
0,177,1,0,0.0,1,175.7,120,45.0,8.43,14.6,Moderate Users
0,74,1,0,0.22,0,102.7,89,33.2,7.47,11.0,Moderate Users
0,125,1,0,0.3,2,169.3,90,46.0,7.8,11.6,Moderate Users
0,137,1,0,0.0,1,109.8,120,39.0,11.53,11.9,Moderate Users
0,135,1,0,0.0,1,173.4,107,49.0,11.1,13.7,Moderate Users
0,45,1,0,0.0,1,96.1,103,38.0,12.34,9.7,Moderate Users
0,129,1,0,0.0,1,101.4,145,39.0,12.46,7.1,Moderate Users
0,119,1,0,0.0,2,109.2,96,32.0,7.66,9.8,Moderate Users
0,92,1,0,0.27,2,181.4,98,47.7,8.23,10.9,Moderate Users
0,125,1,1,2.54,1,96.5,109,54.4,7.29,9.4,Moderate Users
0,88,1,0,0.0,3,183.5,93,46.0,8.53,8.3,Moderate Users
0,3,0,0,0.26,1,161.0,96,51.6,12.25,7.7,Moderate Users
1,152,0,1,1.16,1,146.8,128,61.6,14.28,4.3,Moderate Users
0,48,1,0,0.0,3,149.2,146,40.0,8.1,8.3,Moderate Users
1,129,1,0,0.23,1,137.8,120,45.3,11.29,10.2,Moderate Users
0,1,1,0,0.0,1,175.2,74,43.0,7.59,5.3,Moderate Users
0,84,1,0,0.0,1,146.8,133,40.0,8.59,9.9,Moderate Users
0,105,0,0,0.31,3,150.0,106,54.1,14.69,10.3,Moderate Users
0,76,1,0,0.0,0,173.2,93,41.0,6.56,5.4,Moderate Users
0,111,1,0,0.25,0,152.2,114,40.5,6.86,9.8,Moderate Users
1,143,1,0,0.0,4,167.8,72,47.0,10.55,10.5,Moderate Users
0,138,1,0,0.28,2,87.6,112,40.8,13.35,9.8,Moderate Users
1,21,1,0,0.0,5,92.6,95,30.0,8.1,11.3,Moderate Users
0,103,1,0,0.0,1,160.8,91,41.0,7.79,8.5,Moderate Users
0,79,1,1,1.13,2,50.6,62,37.3,10.07,4.2,Moderate Users
0,89,1,0,0.0,1,134.9,59,37.0,7.8,10.2,Moderate Users
0,101,1,0,0.0,0,124.8,66,44.0,12.86,13.4,Moderate Users
0,90,1,0,0.0,1,167.5,96,41.0,6.96,13.0,Moderate Users
0,70,1,0,0.3,3,147.1,105,46.0,10.0,12.5,Moderate Users
0,43,1,0,0.0,0,135.8,125,37.0,8.16,12.6,Moderate Users
0,108,1,0,0.0,2,73.8,105,25.0,7.17,10.9,Moderate Users
0,169,1,0,0.0,3,147.2,115,39.0,8.1,7.2,Moderate Users
0,86,1,0,0.17,2,70.7,125,31.7,10.55,0.0,Moderate Users
1,111,1,0,0.0,5,123.1,88,40.0,10.7,12.0,Moderate Users
0,53,1,0,0.0,2,145.1,116,45.0,11.69,7.9,Moderate Users
0,15,1,0,0.0,2,135.2,101,36.0,7.63,8.4,Moderate Users
0,106,1,0,0.0,2,119.2,142,40.0,11.42,8.4,Moderate Users
0,88,1,0,0.26,3,144.3,116,40.6,7.82,7.8,Moderate Users
1,57,0,0,0.0,0,115.0,65,30.0,6.12,6.4,Moderate Users
0,184,1,0,0.21,2,151.7,93,43.1,8.93,13.1,Moderate Users
0,109,1,0,0.37,3,153.1,102,49.7,11.71,9.9,Moderate Users
0,180,1,0,0.4,1,143.3,134,44.0,9.03,10.1,Moderate Users
0,81,1,0,0.0,1,115.3,99,39.0,11.24,18.0,Moderate Users
1,125,1,0,0.32,2,113.0,108,37.2,8.46,9.2,Moderate Users
0,34,1,0,0.0,1,128.8,80,40.0,10.44,14.0,Moderate Users
0,73,1,0,0.22,2,94.9,121,40.2,12.66,14.2,Moderate Users
0,160,1,0,0.0,3,97.5,113,40.0,13.41,13.2,Moderate Users
0,141,1,0,0.0,0,146.5,121,40.0,8.5,8.2,Moderate Users
0,90,1,0,0.32,2,157.9,72,50.2,11.7,12.2,Moderate Users
0,72,1,0,0.31,2,139.9,117,46.1,11.18,12.7,Moderate Users
0,79,0,0,0.31,2,103.5,134,48.1,15.97,8.4,Moderate Users
0,102,1,0,0.0,1,129.5,56,53.0,17.71,10.9,Moderate Users
0,107,1,0,0.0,2,167.3,100,43.0,8.2,6.7,Moderate Users
0,118,1,0,0.0,2,113.0,80,32.0,7.51,10.8,Moderate Users
0,94,1,0,0.0,0,136.2,114,38.0,8.26,9.6,Moderate Users
0,104,1,0,0.24,1,118.5,92,38.4,8.89,12.1,Moderate Users
0,16,1,0,0.0,1,153.2,65,46.0,11.49,10.7,Moderate Users
0,183,1,0,0.0,0,108.3,87,35.0,9.18,13.5,Moderate Users
0,147,1,0,0.25,2,168.6,92,47.5,9.39,14.4,Moderate Users
0,123,1,0,0.0,3,166.9,98,48.0,11.09,12.8,Moderate Users
0,97,1,0,0.0,1,146.0,121,43.0,10.15,13.3,Moderate Users
1,131,1,0,0.0,1,131.6,95,38.0,8.97,15.5,Moderate Users
0,66,1,0,0.0,1,146.4,107,42.0,9.83,7.8,Moderate Users
0,155,1,0,0.0,0,71.2,90,38.0,15.22,8.6,Moderate Users
1,123,1,0,0.0,4,123.2,104,38.0,9.5,12.9,Moderate Users
0,63,1,0,0.0,1,128.7,78,43.0,12.04,12.8,Moderate Users
0,96,1,0,0.0,3,150.0,122,45.0,10.93,9.8,Moderate Users
0,53,1,0,0.0,1,164.1,106,46.0,10.3,11.4,Moderate Users
0,101,1,0,0.0,1,154.4,130,45.0,10.86,13.9,Moderate Users
0,93,1,0,0.0,0,149.6,120,43.0,10.04,14.3,Moderate Users
0,73,1,0,0.0,1,122.0,92,33.0,6.92,5.8,Moderate Users
0,196,1,0,0.36,1,133.1,80,44.6,10.33,10.3,Moderate Users
1,86,0,0,0.0,2,162.4,131,42.0,8.35,11.4,Moderate Users
0,69,1,1,1.59,1,155.0,98,54.9,7.12,5.9,Moderate Users
0,135,1,0,0.0,0,154.4,130,44.0,10.19,11.8,Moderate Users
0,100,1,0,0.0,1,166.0,102,49.0,11.81,10.9,Moderate Users
0,64,1,0,0.0,2,174.5,98,45.0,9.01,10.7,Moderate Users
0,88,1,0,0.0,2,152.9,119,41.0,8.56,12.0,Moderate Users
0,86,1,0,0.0,1,150.8,85,51.0,14.8,12.5,Moderate Users
0,148,1,0,0.0,2,153.6,148,49.0,13.11,9.8,Moderate Users
0,102,1,0,0.0,2,123.1,106,37.0,9.1,12.6,Moderate Users
0,76,1,0,0.21,1,165.7,94,53.1,12.87,10.0,Moderate Users
0,109,1,0,0.0,3,154.8,82,51.0,14.39,5.9,Moderate Users
0,105,1,0,0.28,2,125.4,116,46.8,13.08,11.4,Moderate Users
0,74,1,0,0.0,3,124.8,114,33.0,6.65,10.6,Moderate Users
0,104,1,0,0.0,2,138.7,100,42.0,10.77,4.9,Moderate Users
0,15,1,0,0.0,2,121.1,130,39.0,10.8,16.1,Moderate Users
1,50,0,0,0.34,2,99.6,108,47.4,15.44,13.7,Moderate Users
0,172,1,0,0.0,2,169.8,123,45.0,9.16,12.7,Moderate Users
0,85,0,0,0.0,3,116.2,86,40.0,11.49,10.1,Moderate Users
0,145,1,0,0.0,2,129.4,97,38.0,9.27,1.1,Moderate Users
0,152,1,0,0.0,2,140.5,92,40.0,9.34,9.5,Moderate Users
0,67,1,0,0.0,0,109.1,117,38.0,10.87,12.8,Moderate Users
1,121,1,0,0.21,0,144.8,126,44.1,10.03,13.3,Moderate Users
0,55,0,0,0.0,0,106.1,77,29.0,6.18,12.9,Moderate Users
0,79,1,0,0.0,0,177.9,83,45.0,8.37,15.2,Moderate Users
0,72,1,0,0.28,2,179.9,113,46.8,7.49,9.8,Moderate Users
0,136,1,0,0.0,0,109.4,91,37.0,10.38,11.6,Moderate Users
0,162,1,0,0.0,1,49.2,121,21.0,7.2,12.1,Moderate Users
0,72,1,0,0.2,2,141.3,133,38.0,6.75,11.2,Moderate Users
0,46,1,0,0.0,2,40.4,105,22.0,8.62,9.0,Moderate Users
0,144,1,0,0.0,0,133.3,101,45.0,12.78,11.6,Moderate Users
0,142,1,1,1.16,0,163.3,104,51.6,6.8,4.3,Moderate Users
0,98,1,0,0.39,2,136.1,82,40.9,7.82,10.1,Moderate Users
0,51,1,0,0.0,0,169.3,111,41.0,6.98,12.0,Moderate Users
0,86,1,0,0.3,2,148.2,71,53.0,14.26,6.2,Moderate Users
0,122,1,0,0.0,2,119.3,93,40.0,11.2,8.7,Moderate Users
0,158,1,0,0.0,2,172.4,114,52.0,12.83,0.0,Moderate Users
0,127,1,1,2.48,3,2.6,113,47.8,12.7,9.2,Moderate Users
0,33,1,0,0.21,1,159.5,115,46.1,9.77,7.1,Moderate Users
0,117,1,0,0.0,2,158.7,84,43.0,9.09,7.7,Moderate Users
0,186,1,0,0.0,1,137.8,97,40.0,9.39,8.7,Moderate Users
0,134,1,0,0.0,2,7.8,86,16.0,8.57,12.9,Moderate Users
0,123,1,0,0.0,2,140.0,106,37.0,7.69,12.5,Moderate Users
0,130,1,0,0.23,1,115.6,129,36.3,8.39,12.6,Moderate Users
0,80,1,0,0.0,3,51.5,90,23.0,8.2,9.5,Moderate Users
0,120,1,0,0.0,1,131.7,99,37.0,8.16,10.7,Moderate Users
0,146,0,0,0.0,1,111.1,126,46.0,15.67,10.5,Moderate Users
0,137,1,0,0.23,1,155.5,81,40.3,6.66,9.1,Moderate Users
0,84,1,1,1.54,2,106.5,65,53.4,11.29,5.7,Moderate Users
1,161,1,0,0.0,4,154.7,84,42.0,8.89,5.9,Moderate Users
0,68,1,0,0.0,1,158.8,119,45.0,10.59,10.3,Moderate Users
1,38,1,0,0.42,5,175.7,109,52.2,10.59,9.2,Moderate Users
0,78,1,0,0.0,1,87.7,74,34.0,10.74,10.8,Moderate Users
0,129,1,0,0.0,1,54.7,131,32.0,12.81,11.1,Moderate Users
0,76,1,0,0.38,1,90.5,142,37.8,10.59,9.3,Moderate Users
0,169,1,0,0.0,2,142.5,82,44.0,11.57,10.0,Moderate Users
0,30,1,0,0.0,1,54.0,68,25.0,8.97,10.2,Moderate Users
0,3,1,0,0.0,4,139.0,99,45.0,12.54,6.1,Moderate Users
0,38,1,0,0.0,2,117.3,114,38.0,10.44,14.4,Moderate Users
0,27,1,0,0.0,1,82.6,105,32.0,10.2,9.1,Moderate Users
0,156,1,0,0.42,1,150.5,106,43.2,7.65,3.5,Moderate Users
0,62,1,0,0.0,2,189.5,122,42.0,5.19,10.8,Moderate Users
0,52,1,0,0.0,3,129.3,80,35.0,7.14,12.3,Moderate Users
0,146,1,0,0.0,1,115.6,77,38.0,10.68,10.7,Moderate Users
0,90,1,0,0.24,1,61.3,91,29.4,9.72,11.4,Moderate Users
1,159,1,0,0.0,0,167.4,68,41.0,7.19,10.3,Moderate Users
0,155,0,0,0.0,0,163.1,94,53.0,14.59,11.2,Moderate Users
0,99,1,0,0.0,2,128.3,78,41.0,10.77,14.3,Moderate Users
1,89,1,0,0.0,5,129.2,71,41.0,10.71,10.3,Moderate Users
1,123,0,0,0.0,4,125.5,106,33.0,6.45,6.3,Moderate Users
0,99,1,0,0.0,1,124.6,90,34.0,7.32,10.5,Moderate Users
0,36,1,0,0.0,1,175.1,144,49.0,10.85,9.9,Moderate Users
0,87,1,0,0.0,3,124.3,91,36.0,8.67,7.5,Moderate Users
0,112,1,0,0.0,2,101.1,119,36.0,10.72,10.3,Moderate Users
0,100,1,0,0.0,0,78.7,98,33.0,11.28,14.0,Moderate Users
0,116,1,0,0.16,1,63.7,101,29.6,9.79,10.0,Moderate Users
0,161,1,0,0.0,1,173.4,100,48.0,10.69,11.5,Moderate Users
0,109,1,0,0.0,2,137.0,128,42.0,10.85,10.0,Moderate Users
0,95,1,0,0.0,2,142.5,109,40.0,8.81,8.2,Moderate Users
0,90,1,0,0.0,1,142.4,126,35.0,6.31,4.6,Moderate Users
0,95,1,0,0.0,1,149.2,96,48.0,13.04,8.1,Moderate Users
0,87,1,0,0.0,0,58.0,125,16.0,3.38,11.5,Moderate Users
0,81,1,0,0.0,2,173.2,80,50.0,11.81,11.8,Moderate Users
0,115,1,0,0.0,2,146.7,128,34.0,5.31,11.1,Moderate Users
1,17,0,0,0.36,0,162.8,118,51.6,11.48,13.6,Moderate Users
0,121,1,0,0.0,2,86.1,100,37.0,12.99,9.1,Moderate Users
0,124,1,0,0.0,2,151.0,98,36.0,6.03,9.2,Moderate Users
0,35,1,0,0.0,2,158.6,67,39.0,6.52,6.9,Moderate Users
0,133,1,0,0.0,2,176.8,92,46.0,9.38,6.5,Moderate Users
1,178,0,0,0.0,2,124.5,134,34.0,7.06,11.4,Moderate Users
0,85,1,0,0.0,1,144.4,88,48.0,13.23,9.9,Moderate Users
0,159,1,0,0.0,0,114.8,98,36.0,9.63,12.2,Moderate Users
0,37,1,0,0.32,3,134.9,98,48.2,12.42,14.7,Moderate Users
0,33,0,0,0.0,0,164.0,99,41.0,7.66,6.4,Moderate Users
0,107,1,0,0.0,2,90.7,90,34.0,10.38,5.6,Moderate Users
1,78,1,0,0.0,1,108.6,108,37.0,10.5,7.9,Moderate Users
0,136,0,0,0.0,2,183.4,103,44.0,7.1,10.4,Moderate Users
0,135,1,0,0.32,3,155.2,100,41.2,6.8,3.8,Moderate Users
0,87,1,1,0.0,1,165.8,122,45.0,9.35,0.0,Moderate Users
0,99,1,0,0.0,2,174.1,102,39.0,4.96,7.7,Moderate Users
0,123,1,0,0.0,2,175.7,78,46.0,9.23,9.1,Moderate Users
0,151,1,0,0.0,0,170.2,89,45.0,9.38,4.3,Moderate Users
0,185,1,0,0.19,1,139.6,92,46.9,12.51,10.8,Moderate Users
0,104,1,0,0.3,2,113.6,87,36.0,7.93,10.5,Moderate Users
0,58,1,0,0.0,4,174.4,112,53.0,13.29,0.0,Moderate Users
0,132,1,0,0.0,1,121.5,88,43.0,12.65,10.7,Moderate Users
0,80,1,0,0.35,2,127.8,67,41.5,9.08,15.9,Moderate Users
0,162,1,0,0.0,2,135.2,98,44.0,12.1,10.2,Moderate Users
0,110,1,0,0.0,2,99.4,62,41.0,13.75,16.7,Moderate Users
1,168,1,0,0.0,2,163.4,134,49.0,12.01,11.6,Moderate Users
0,124,1,0,0.0,1,160.9,109,40.0,7.21,12.9,Moderate Users
0,98,0,0,0.0,1,158.4,71,53.0,15.33,2.1,Moderate Users
1,24,1,0,0.0,2,149.0,73,37.0,6.55,8.6,Moderate Users
0,31,1,0,0.19,1,97.5,129,40.9,13.02,7.0,Moderate Users
0,72,1,0,0.0,0,166.5,102,51.0,13.05,13.3,Moderate Users
0,24,1,0,0.0,1,156.2,104,35.0,4.5,7.3,Moderate Users
0,136,1,0,0.0,0,102.1,75,37.0,10.98,9.8,Moderate Users
0,95,1,0,0.0,0,157.9,103,49.0,12.98,14.0,Moderate Users
0,82,1,1,1.11,1,146.5,73,57.1,12.32,4.1,Moderate Users
1,133,1,0,0.0,0,117.8,100,37.0,9.96,11.8,Moderate Users
0,53,1,0,0.0,2,119.7,113,37.0,9.49,12.9,Moderate Users
0,136,1,0,0.0,7,163.4,83,49.0,12.47,9.8,Moderate Users
0,57,1,0,0.0,3,161.0,113,46.0,10.4,8.4,Moderate Users
0,62,1,0,0.0,1,128.7,111,37.0,8.48,10.3,Moderate Users
0,112,1,0,0.0,1,81.6,94,37.0,13.41,8.6,Moderate Users
1,95,1,0,0.0,6,128.6,115,41.0,10.81,6.3,Moderate Users
1,1,1,0,0.0,5,182.1,106,43.0,6.75,10.0,Moderate Users
0,103,1,0,0.0,1,180.2,134,39.0,4.89,8.4,Moderate Users
0,116,1,0,0.0,2,110.9,54,37.0,10.67,7.9,Moderate Users
0,90,1,1,1.73,1,124.5,94,58.3,11.59,6.4,Moderate Users
0,95,1,0,0.0,0,58.2,96,28.0,10.11,10.4,Moderate Users
0,80,1,0,0.0,0,151.5,89,37.0,6.59,11.8,Moderate Users
0,122,0,0,0.0,1,146.3,117,44.0,10.94,11.5,Moderate Users
1,99,1,0,0.12,7,135.7,107,42.2,10.42,8.8,Moderate Users
0,46,1,0,0.3,1,122.2,67,38.0,8.36,9.7,Moderate Users
0,87,1,0,0.0,2,153.3,106,46.0,11.23,8.9,Moderate Users
1,131,0,0,0.34,3,122.3,83,34.4,5.94,13.7,Moderate Users
1,108,0,0,0.38,2,115.1,114,41.8,10.57,13.8,Moderate Users
0,101,0,0,0.0,1,156.4,116,38.0,6.52,7.3,Moderate Users
0,117,1,0,0.39,1,119.0,82,40.9,9.38,11.5,Moderate Users
0,95,1,0,0.0,1,134.4,104,36.0,7.62,9.4,Moderate Users
0,76,1,0,0.0,1,171.1,78,51.0,12.86,16.2,Moderate Users
0,66,1,0,0.0,2,170.5,103,51.0,12.72,10.5,Moderate Users
0,110,1,0,0.23,1,178.5,124,45.3,7.35,9.9,Moderate Users
0,185,1,0,0.0,2,55.6,97,34.0,14.44,12.1,Moderate Users
0,91,1,0,0.0,1,109.8,100,35.0,9.48,11.1,Moderate Users
0,153,1,0,0.0,0,166.8,127,41.0,7.18,11.8,Moderate Users
0,105,1,0,0.0,2,156.5,102,39.0,7.01,12.2,Moderate Users
0,57,1,0,0.0,0,85.9,92,32.0,9.7,10.1,Moderate Users
0,123,1,1,0.78,0,146.6,87,42.8,5.74,2.9,Moderate Users
0,101,1,0,0.0,1,118.6,89,38.0,9.98,11.5,Moderate Users
0,129,1,0,0.0,1,150.0,98,46.0,11.62,12.5,Moderate Users
0,64,0,0,0.26,3,146.7,83,40.6,7.42,12.5,Moderate Users
0,173,1,0,0.0,1,109.4,103,28.0,5.07,7.8,Moderate Users
0,135,1,0,0.33,1,144.1,115,49.3,12.49,13.6,Moderate Users
1,88,1,0,0.0,4,85.7,112,34.0,11.08,11.6,Moderate Users
0,113,1,0,0.0,0,158.9,137,48.0,12.14,6.5,Moderate Users
0,121,1,1,1.73,2,110.0,94,48.3,7.08,6.4,Moderate Users
0,70,1,0,0.0,1,152.8,145,42.0,9.18,10.5,Moderate Users
0,90,1,0,0.22,0,145.6,103,44.2,9.86,10.5,Moderate Users
0,39,1,0,0.0,0,93.3,83,33.0,9.98,6.5,Moderate Users
0,105,1,0,0.3,1,146.4,81,48.0,11.26,8.5,Moderate Users
0,110,1,0,0.24,1,18.9,92,28.4,12.92,14.8,Moderate Users
0,88,1,0,0.0,2,172.8,81,46.0,9.67,12.8,Moderate Users
0,147,1,0,0.0,3,130.6,83,40.0,10.41,15.6,Moderate Users
1,101,1,0,0.0,4,158.4,92,43.0,9.4,13.5,Moderate Users
0,115,1,0,0.0,1,166.5,111,49.0,11.81,15.6,Moderate Users
0,103,1,0,0.0,2,129.3,103,40.0,10.14,12.9,Moderate Users
0,149,1,0,0.0,2,175.4,80,47.0,9.87,9.7,Moderate Users
0,119,1,0,0.0,1,94.2,108,39.0,13.21,7.3,Moderate Users
0,62,1,0,0.0,0,100.0,98,32.0,8.68,10.1,Moderate Users
1,154,1,0,0.0,3,154.5,122,45.0,10.71,12.0,Moderate Users
0,113,1,0,0.27,1,72.5,88,32.7,10.2,6.6,Moderate Users
0,181,1,1,1.7,2,105.2,61,64.0,17.07,6.3,Moderate Users
0,51,1,0,0.0,2,180.5,88,43.0,6.74,10.0,Moderate Users
0,107,1,0,0.0,1,86.8,95,24.0,5.41,13.2,Moderate Users
1,88,1,0,0.0,5,131.5,99,38.0,8.74,7.9,Moderate Users
0,82,1,0,0.21,0,135.4,102,46.1,11.86,17.5,Moderate Users
0,204,1,0,0.0,6,174.3,85,52.0,12.71,5.9,Moderate Users
0,129,1,0,0.0,2,157.0,113,49.0,12.85,12.1,Moderate Users
0,190,0,0,0.0,3,111.9,55,38.0,11.15,10.0,Moderate Users
0,78,1,0,0.0,0,163.6,88,52.0,14.17,8.6,Moderate Users
0,111,1,0,0.35,1,78.3,119,34.5,9.91,12.1,Moderate Users
0,117,1,0,0.0,1,97.1,98,36.0,11.4,10.6,Moderate Users
0,68,1,0,0.0,0,94.1,93,29.0,7.38,10.1,Moderate Users
0,91,1,0,0.0,1,133.8,61,37.0,7.94,10.5,Moderate Users
0,102,1,0,0.0,0,158.0,94,45.0,10.4,10.1,Moderate Users
0,93,1,0,0.0,0,173.0,131,46.0,9.52,10.4,Moderate Users
0,73,1,0,0.41,1,157.6,92,48.1,9.92,9.1,Moderate Users
0,139,0,0,0.0,0,161.5,121,44.0,9.65,11.2,Moderate Users
1,115,1,0,0.0,7,139.3,89,41.0,9.62,9.3,Moderate Users
0,139,1,0,0.35,0,139.0,110,38.5,6.65,12.1,Moderate Users
0,113,1,0,0.0,2,159.8,143,46.0,10.51,13.1,Moderate Users
0,83,1,0,0.0,0,117.9,101,34.0,8.02,11.4,Moderate Users
0,98,1,0,0.0,1,169.9,77,41.0,6.92,8.5,Moderate Users
1,40,1,0,0.0,4,169.7,115,41.0,7.07,10.5,Moderate Users
1,100,1,0,0.0,4,113.3,96,37.0,9.9,11.7,Moderate Users
0,16,1,0,0.33,3,161.9,100,51.3,11.51,10.2,Moderate Users
0,115,1,1,1.51,2,133.3,110,54.1,9.29,5.6,Moderate Users
0,107,1,0,0.21,5,189.7,76,48.1,7.81,8.3,Moderate Users
0,147,1,0,0.26,2,124.4,74,51.6,16.05,10.4,Moderate Users
0,107,1,0,0.0,3,146.9,94,35.0,5.72,11.4,Moderate Users
0,58,1,0,0.0,3,131.9,96,37.0,8.38,14.7,Moderate Users
0,91,1,0,0.0,2,147.2,121,40.0,8.76,13.3,Moderate Users
0,13,1,0,0.0,2,143.1,139,45.0,11.98,7.1,Moderate Users
0,104,1,0,0.34,3,109.1,141,38.4,9.36,10.0,Moderate Users
1,35,1,0,0.0,5,138.1,115,37.0,7.91,10.3,Moderate Users
0,143,1,0,0.0,1,155.4,112,52.0,14.55,13.9,Moderate Users
0,123,1,0,0.0,2,114.8,94,33.0,7.5,9.6,Moderate Users
0,64,1,0,0.29,3,113.8,97,38.9,9.62,10.4,Moderate Users
1,127,0,0,0.0,4,143.2,60,40.0,8.98,6.2,Moderate Users
0,81,1,0,0.0,0,129.9,121,42.0,11.51,13.3,Moderate Users
1,78,1,0,0.4,4,103.5,115,32.0,5.9,12.0,Moderate Users
0,67,1,0,0.14,0,115.5,70,43.4,12.61,7.5,Moderate Users
0,133,1,0,0.0,3,143.8,71,41.0,9.2,12.9,Moderate Users
0,36,1,1,2.32,2,29.9,123,40.2,6.46,8.6,Moderate Users
0,122,1,0,0.0,0,141.4,128,37.0,7.32,8.1,Moderate Users
0,91,0,0,0.0,1,151.8,115,35.0,5.18,12.2,Moderate Users
0,95,1,0,0.0,2,157.3,116,44.0,9.88,8.4,Moderate Users
1,103,1,0,0.0,6,174.7,151,43.0,7.4,15.8,Moderate Users
0,88,1,0,0.0,1,113.7,67,34.0,8.26,10.8,Moderate Users
0,124,1,0,0.0,1,169.3,108,44.0,8.93,12.2,Moderate Users
0,152,1,0,0.23,1,161.4,84,44.3,8.18,11.8,Moderate Users
0,100,0,0,0.0,1,107.2,98,26.0,4.34,9.7,Moderate Users
0,143,1,0,0.0,3,160.4,120,52.0,14.3,6.9,Moderate Users
0,143,1,0,0.0,1,133.4,107,42.0,11.2,10.2,Moderate Users
0,103,1,0,0.38,2,70.9,134,27.8,6.73,12.0,Moderate Users
0,144,1,1,1.0,0,105.0,86,39.0,6.09,3.7,Moderate Users
0,93,1,0,0.19,1,152.1,141,46.9,10.78,12.0,Moderate Users
0,88,1,0,0.31,1,153.5,94,51.1,12.59,8.5,Moderate Users
0,110,1,0,0.0,2,159.5,145,45.0,10.12,16.7,Moderate Users
0,209,1,0,0.0,0,153.7,105,43.0,9.43,10.7,Moderate Users
0,112,1,0,0.0,0,166.0,79,35.0,3.73,6.3,Moderate Users
0,97,1,1,1.32,3,141.0,101,55.2,10.6,4.9,Moderate Users
0,142,0,0,0.0,1,140.8,140,44.0,11.43,10.9,Moderate Users
1,113,0,0,0.0,5,122.2,112,32.0,6.59,10.3,Moderate Users
0,89,1,0,0.0,3,111.2,101,30.0,6.11,12.6,Moderate Users
1,146,1,0,0.0,4,138.4,104,38.0,7.95,3.9,Moderate Users
0,93,1,0,0.0,0,146.3,85,44.0,10.83,11.5,Moderate Users
0,55,1,0,0.0,0,132.0,103,47.0,13.98,13.5,Moderate Users
0,171,1,0,0.31,2,137.5,110,44.1,9.91,13.3,Moderate Users
0,127,1,0,0.35,1,134.9,79,45.5,11.08,15.0,Moderate Users
0,131,1,0,0.0,1,175.1,73,45.0,8.6,7.3,Moderate Users
0,88,1,0,0.0,1,142.2,107,47.0,13.12,10.1,Moderate Users
0,130,1,0,0.26,2,132.4,81,42.6,10.02,6.0,Moderate Users
0,89,1,1,1.59,0,97.8,98,50.9,10.36,5.9,Moderate Users
0,62,1,0,0.0,2,86.3,84,35.0,11.94,12.5,Moderate Users
0,120,1,1,0.0,1,128.5,115,36.0,8.19,0.0,Moderate Users
0,134,1,0,0.0,2,164.9,115,39.0,6.33,10.0,Moderate Users
1,76,1,0,0.0,4,107.3,140,39.0,11.91,10.0,Moderate Users
0,57,1,0,0.0,0,158.1,117,37.0,5.76,11.8,Moderate Users
0,78,1,0,0.17,1,109.5,105,44.7,14.31,4.9,Moderate Users
0,39,1,0,0.0,1,187.2,110,42.0,5.74,13.2,Moderate Users
0,127,1,0,0.0,0,107.9,128,35.0,9.35,0.0,Moderate Users
0,95,1,0,0.0,0,160.0,133,46.0,10.77,9.1,Moderate Users
0,116,1,0,0.0,1,51.1,106,27.0,10.43,12.3,Moderate Users
0,83,1,0,0.0,1,78.1,70,34.0,11.97,12.3,Moderate Users
0,75,0,0,0.29,1,153.2,78,46.9,10.54,7.8,Moderate Users
0,106,1,1,2.19,1,83.6,131,53.9,10.2,8.1,Moderate Users
0,94,1,0,0.21,2,190.4,91,43.1,4.6,13.6,Moderate Users
0,128,1,0,0.0,2,147.7,94,50.0,14.17,6.9,Moderate Users
0,127,1,0,0.0,1,102.8,128,30.0,7.19,10.0,Moderate Users
0,149,1,1,1.76,0,148.5,106,52.6,5.73,6.5,Moderate Users
0,52,1,0,0.34,2,124.9,131,50.4,15.03,11.6,Moderate Users
0,89,1,0,0.25,3,115.4,99,40.5,10.5,15.9,Moderate Users
1,122,0,0,0.3,4,140.0,101,44.0,9.82,9.7,Moderate Users
0,60,1,0,0.0,3,193.9,118,41.0,4.25,13.2,Moderate Users
1,117,1,0,0.39,5,118.4,126,45.9,12.47,13.6,Moderate Users
0,159,1,0,0.0,1,169.8,114,46.0,9.89,11.6,Moderate Users
0,96,1,0,0.36,1,106.6,128,46.6,14.24,14.9,Moderate Users
0,79,1,0,0.0,2,134.7,98,40.0,9.49,11.8,Moderate Users
